"Stockholm","Stockholms kommun","1611776","41621"
"Göteborg","Göteborgs kommun","604829","23386"
"Malmö","Malmö kommun","324002","7705"
"Uppsala","Uppsala kommun","165456","4301"
"Upplands Väsby och Sollentuna","Sollentuna kommun","149461","4687"
"Västerås","Västerås kommun","128534","4993"
"Örebro","Örebro kommun","126009","5139"
"Linköping","Linköpings kommun","115672","3841"
"Helsingborg","Helsingborgs kommun","113816","4103"
"Jönköping","Jönköpings kommun","100259","4783"
"Norrköping","Norrköpings kommun","97854","3689"
"Lund","Lunds kommun","94393","2652"
"Umeå","Umeå kommun","90412","3180"
"Gävle","Gävle kommun","77586","4059"
"Södertälje","Södertälje kommun","75773","2851"
"Borås","Borås kommun","73980","2893"
"Halmstad","Halmstads kommun","71316","3668"
"Växjö","Växjö kommun","71009","3618"
"Eskilstuna","Eskilstuna kommun","70342","2992"
"Karlstad","Karlstads kommun","65856","2833"
"Sundsvall","Sundsvalls kommun","58807","4095"
"Östersund","Östersunds kommun","52797","3559"
"Trollhättan","Trollhättans kommun","50374","2601"
"Luleå","Luleå kommun","49123","2856"
"Nordöstra Göteborg","Göteborgs kommun","47211","1085"
"Lidingö","Lidingö kommun","44091","1680"
"Borlänge","Borlänge kommun","43202","3165"
"Tumba","Botkyrka kommun","42873","1951"
"Kalmar","Kalmar kommun","41388","1998"
"Kristianstad","Kristianstads kommun","41299","2159"
"Skövde","Skövde kommun","39543","2312"
"Falun","Falu kommun","38749","2526"
"Karlskrona","Karlskrona kommun","36904","2121"
"Skellefteå","Skellefteå kommun","36395","2460"
"Varberg","Varbergs kommun","36019","2461"
"Uddevalla","Uddevalla kommun","35916","1964"
"Åkersberga","Österåkers kommun","35725","2531"
"Nyköping","Nyköpings kommun","33916","1514"
"Landskrona","Landskrona kommun","33372","1295"
"Örnsköldsvik","Örnsköldsviks kommun","33346","3920"
"Vallentuna","Vallentuna kommun","33336","1756"
"Motala","Motala kommun","31340","2028"
"Trelleborg","Trelleborgs kommun","30760","1577"
"Märsta","Sigtuna kommun","29781","670"
"Ängelholm","Ängelholms kommun","28606","1971"
"Lerum","Lerums kommun","28491","2495"
"Falkenberg","Falkenbergs kommun","28357","2201"
"Alingsås","Alingsås kommun","27423","1410"
"Karlskoga","Karlskoga kommun","27386","2037"
"Sandviken","Sandvikens kommun","25344","1714"
"Enköping","Enköpings kommun","25021","1126"
"Visby","Region Gotland","24942","1380"
"Katrineholm","Katrineholms kommun","24447","1181"
"Gustavsberg","Värmdö kommun","24330","1417"
"Vänersborg","Vänersborgs kommun","24112","1166"
"Kungsbacka","Kungsbacka kommun","23830","1168"
"Lidköping","Lidköpings kommun","23554","1286"
"Piteå","Piteå kommun","23181","2298"
"Torslanda","Göteborgs kommun","22836","1723"
"Norrtälje","Norrtälje kommun","21917","1036"
"Västervik","Västerviks kommun","21428","1313"
"Karlshamn","Karlshamns kommun","20283","1597"
"Ystad","Ystads kommun","20133","1093"
"Kungälv","Kungälvs kommun","19890","1097"
"Eslöv","Eslövs kommun","19783","946"
"Värnamo","Värnamo kommun","19778","1194"
"Hässleholm","Hässleholms kommun","19435","1323"
"Västerhaninge","Haninge kommun","19100","1080"
"Oskarshamn","Oskarshamns kommun","18907","1485"
"Köping","Köpings kommun","18711","1007"
"Kristinehamn","Kristinehamns kommun","18597","1456"
"Härnösand","Härnösands kommun","18502","1142"
"Nässjö","Nässjö kommun","18472","1150"
"Mölnlycke","Härryda kommun","18392","1159"
"Falköping","Falköpings kommun","17858","916"
"Kumla","Kumla kommun","17253","1128"
"Boden","Bodens kommun","16817","1417"
"Hudiksvall","Hudiksvalls kommun","16570","1326"
"Mariestad","Mariestads kommun","16566","1176"
"Kiruna","Kiruna kommun","16420","898"
"Avesta","Avesta kommun","16278","1500"
"Staffanstorp","Staffanstorps kommun","16215","864"
"Ljungby","Ljungby kommun","16052","1238"
"Höganäs","Höganäs kommun","16001","1036"
"Höllviken","Vellinge kommun","15640","1312"
"Ludvika","Ludvika kommun","15612","1117"
"Kinna","Marks kommun","15448","1971"
"Bålsta","Håbo kommun","15294","1148"
"Nynäshamn","Nynäshamns kommun","15108","723"
"Tranås","Tranås kommun","14774","1019"
"Bunkeflostrand","Malmö kommun","14744","495"
"Strängnäs","Strängnäs kommun","14708","716"
"Skoghall","Hammarö kommun","14407","1199"
"Arvika","Arvika kommun","13950","1169"
"Mjölby","Mjölby kommun","13947","885"
"Bollnäs","Bollnäs kommun","13942","1287"
"Stenungsund","Stenungsunds kommun","13909","1226"
"Lomma","Lomma kommun","13772","593"
"Vetlanda","Vetlanda kommun","13674","1103"
"Sala","Sala kommun","13608","1038"
"Nybro","Nybro kommun","13583","1089"
"Oxie","Malmö kommun","13562","560"
"Finspång","Finspångs kommun","13261","788"
"Mora","Mora kommun","12826","1719"
"Höör","Höörs kommun","12802","1619"
"Ronneby","Ronneby kommun","12797","820"
"Svedala","Svedala kommun","12685","760"
"Kungsängen","Upplands-Bro kommun","12513","475"
"Onsala","Kungsbacka kommun","12415","1345"
"Ekerö","Ekerö kommun","12358","617"
"Söderhamn","Söderhamns kommun","12213","946"
"Fagersta","Fagersta kommun","11780","727"
"Jordbro","Haninge kommun","11617","488"
"Skara","Skara kommun","11558","834"
"Nödinge-Nol","Ale kommun","11476","863"
"Ulricehamn","Ulricehamns kommun","11399","747"
"Oxelösund","Oxelösunds kommun","11396","1128"
"Bjuv","Bjuvs kommun","10911","967"
"Älmhult","Älmhults kommun","10894","1000"
"Eksjö","Eksjö kommun","10864","822"
"Arboga","Arboga kommun","10800","714"
"Gällivare","Gällivare kommun","10584","861"
"Åstorp","Åstorps kommun","10556","777"
"Timrå","Timrå kommun","10494","991"
"Åhus","Kristianstads kommun","10412","1162"
"Gislaved","Gislaveds kommun","10269","693"
"Kävlinge","Kävlinge kommun","10026","486"
"Bjärred","Lomma kommun","9916","510"
"Hallstahammar","Hallstahammars kommun","9895","582"
"Sävja","Uppsala kommun","9814","389"
"Lindesberg","Lindesbergs kommun","9718","820"
"Bro","Upplands-Bro kommun","9482","445"
"Saltsjöbaden","Nacka kommun","9463","523"
"Torshälla","Eskilstuna kommun","9421","933"
"Sigtuna","Sigtuna kommun","9377","547"
"Åmål","Åmåls kommun","9265","744"
"Landvetter","Härryda kommun","9243","887"
"Säffle","Säffle kommun","9241","817"
"Alvesta","Alvesta kommun","9184","647"
"Hönö","Öckerö kommun","9124","612"
"Klippan","Klippans kommun","8874","547"
"Sölvesborg","Sölvesborgs kommun","8828","724"
"Bankeryd","Jönköpings kommun","8822","750"
"Lycksele","Lycksele kommun","8660","772"
"Tibro","Tibro kommun","8614","791"
"Skurup","Skurups kommun","8584","587"
"Sollefteå","Sollefteå kommun","8527","985"
"Habo","Habo kommun","8516","596"
"Hallsberg","Hallsbergs kommun","8482","976"
"Knivsta","Knivsta kommun","8440","423"
"Sjöbo","Sjöbo kommun","8418","765"
"Kalix","Kalix kommun","8393","895"
"Vimmerby","Vimmerby kommun","8182","738"
"Tidaholm","Tidaholms kommun","8146","617"
"Bromölla","Bromölla kommun","8092","632"
"Fisksätra","Nacka kommun","7943","101"
"Nykvarn","Nykvarns kommun","7819","572"
"Kil","Kils kommun","7796","795"
"Olofström","Olofströms kommun","7769","675"
"Osby","Osby kommun","7766","939"
"Lysekil","Lysekils kommun","7702","479"
"Hörby","Hörby kommun","7629","560"
"Hedemora","Hedemora kommun","7597","586"
"Söderköping","Söderköpings kommun","7539","507"
"Strömstad","Strömstads kommun","7466","456"
"Skanör med Falsterbo","Vellinge kommun","7452","586"
"Degerfors","Degerfors kommun","7281","735"
"Skutskär","Älvkarleby kommun","7259","971"
"Ljusdal","Ljusdals kommun","7209","729"
"Tomelilla","Tomelilla kommun","7171","644"
"Åby","Norrköpings kommun","7157","528"
"Trosa","Trosa kommun","7089","660"
"Åtvidaberg","Åtvidabergs kommun","6934","568"
"Laholm","Laholms kommun","6922","543"
"Kramfors","Kramfors kommun","6881","861"
"Vellinge","Vellinge kommun","6878","353"
"Simrishamn","Simrishamns kommun","6844","481"
"Dalby","Lunds kommun","6834","414"
"Ljungsbro","Linköpings kommun","6783","450"
"Gråbo","Lerums kommun","6765","557"
"Valbo","Gävle kommun","6765","666"
"Löddeköpinge","Kävlinge kommun","6707","409"
"Nora","Nora kommun","6653","605"
"Flen","Flens kommun","6577","439"
"Södra Sandby","Lunds kommun","6572","446"
"Haparanda","Haparanda kommun","6554","596"
"Surte","Ale kommun","6490","373"
"Rydebäck","Helsingborgs kommun","6480","310"
"Åsa","Kungsbacka kommun","6479","906"
"Forshaga","Forshaga kommun","6448","548"
"Surahammar","Surahammars kommun","6404","489"
"Leksand","Leksands kommun","6401","942"
"Ytterby","Kungälvs kommun","6384","387"
"Gnesta","Gnesta kommun","6376","393"
"Storvreta","Uppsala kommun","6360","313"
"Hjo","Hjo kommun","6357","501"
"Åkarp","Burlövs kommun","6324","264"
"Tierp","Tierps kommun","6260","444"
"Filipstad","Filipstads kommun","6248","599"
"Hofors","Hofors kommun","6200","632"
"Älvängen","Ale kommun","6163","488"
"Järna","Södertälje kommun","6153","390"
"Perstorp","Perstorps kommun","6091","576"
"Färjestaden","Mörbylånga kommun","6073","672"
"Holmsund","Umeå kommun","6046","775"
"Lindsdal","Kalmar kommun","5977","406"
"Kungsör","Kungsörs kommun","5913","436"
"Vi","Sundsvalls kommun","5862","636"
"Fristad","Borås kommun","5833","762"
"Vårgårda","Vårgårda kommun","5825","514"
"Ödåkra","Helsingborgs kommun","5807","334"
"Orsa","Orsa kommun","5793","1655"
"Påarp","Helsingborgs kommun","5752","397"
"Mullsjö","Mullsjö kommun","5749","540"
"Vadstena","Vadstena kommun","5714","368"
"Båstad","Båstads kommun","5699","870"
"Hultsfred","Hultsfreds kommun","5675","566"
"Sävsjö","Sävsjö kommun","5605","473"
"Hjärup","Staffanstorps kommun","5591","220"
"Veberöd","Lunds kommun","5573","409"
"Vaggeryd","Vaggeryds kommun","5556","515"
"Örkelljunga","Örkelljunga kommun","5515","785"
"Skåre","Karlstads kommun","5443","419"
"Rättvik","Rättviks kommun","5322","1234"
"Smedjebacken","Smedjebackens kommun","5235","826"
"Rimbo","Norrtälje kommun","5223","348"
"Anderstorp","Gislaveds kommun","5202","638"
"Lindö","Norrköpings kommun","5198","314"
"Mönsterås","Mönsterås kommun","5165","500"
"Skiftinge","Eskilstuna kommun","5146","199"
"Kvissleby","Sundsvalls kommun","5145","608"
"Krokek","Norrköpings kommun","5139","579"
"Vaxholm","Vaxholms kommun","5135","179"
"Markaryd","Markaryds kommun","5123","697"
"Sunne","Sunne kommun","5106","523"
"Götene","Götene kommun","5078","468"
"Alsike","Knivsta kommun","5057","338"
"Emmaboda","Emmaboda kommun","5054","588"
"Grums","Grums kommun","5037","512"
"Älvsbyn","Älvsbyns kommun","5034","663"
"Malung","Malung-Sälens kommun","5014","1045"
"Vargön","Vänersborgs kommun","5000","401"
"Östhammar","Östhammars kommun","4977","488"
"Malmslätt","Linköpings kommun","4963","273"
"Kummelnäs","Nacka kommun","4869","611"
"Kallinge","Ronneby kommun","4841","523"
"Tyringe","Hässleholms kommun","4838","434"
"Gammelstaden","Luleå kommun","4836","552"
"Arnö","Nyköpings kommun","4804","247"
"Hallstavik","Norrtälje kommun","4784","511"
"Öjersjö","Partille kommun","4765","267"
"Vingåker","Vingåkers kommun","4741","413"
"Hagfors","Hagfors kommun","4736","635"
"Töreboda","Töreboda kommun","4723","409"
"Säter","Säters kommun","4721","479"
"Furulund","Kävlinge kommun","4669","277"
"Hittarp","Helsingborgs kommun","4628","234"
"Viken","Höganäs kommun","4606","302"
"Vännäs","Vännäs kommun","4567","410"
"Smålandsstenar","Gislaveds kommun","4560","527"
"Bollebygd","Bollebygds kommun","4559","341"
"Taberg","Jönköpings kommun","4507","390"
"Norberg","Norbergs kommun","4487","677"
"Gnosjö","Gnosjö kommun","4472","534"
"Hällefors","Hällefors kommun","4459","524"
"Arvidsjaur","Arvidsjaurs kommun","4457","427"
"Torsby","Torsby kommun","4440","719"
"Vara","Vara kommun","4417","339"
"Borgholm","Borgholms kommun","4374","913"
"Edsbyn","Ovanåkers kommun","4336","523"
"Lidköping norra","Lidköpings kommun","4287","409"
"Skillingaryd","Vaggeryds kommun","4269","394"
"Mariefred","Strängnäs kommun","4247","300"
"Svalöv","Svalövs kommun","4221","268"
"Munkedal","Munkedals kommun","4201","565"
"Mellbystrand","Laholms kommun","4193","847"
"Askersund","Askersunds kommun","4181","386"
"Oskarström","Halmstads kommun","4157","343"
"Olofstorp","Göteborgs kommun","4142","332"
"Vinslöv","Hässleholms kommun","4114","483"
"Herrljunga","Herrljunga kommun","4075","386"
"Hyltebruk","Hylte kommun","4072","467"
"Ljungskile","Uddevalla kommun","4046","401"
"Brunna","Upplands-Bro kommun","4033","345"
"Skärblacka","Norrköpings kommun","4018","418"
"Hofterup","Kävlinge kommun","4007","494"
"Mörrum","Karlshamns kommun","4003","464"
"Mellerud","Melleruds kommun","3991","321"
"Mantorp","Mjölby kommun","3973","349"
"Ösmo","Nynäshamns kommun","3972","211"
"Bara","Svedala kommun","3938","174"
"Vallda","Kungsbacka kommun","3933","564"
"Vagnhärad","Trosa kommun","3929","310"
"Lilla Edet","Lilla Edets kommun","3884","311"
"Skultorp","Skövde kommun","3872","306"
"Sjömarken och Viared","Borås kommun","3827","692"
"Ursviken","Skellefteå kommun","3820","333"
"Kisa","Kinda kommun","3813","438"
"Dalsjöfors","Borås kommun","3795","366"
"Svenljunga","Svenljunga kommun","3774","449"
"Bergnäset","Luleå kommun","3761","299"
"Karlsborg","Karlsborgs kommun","3749","505"
"Smedby","Kalmar kommun","3707","242"
"Strömsund","Strömsunds kommun","3707","396"
"Viskafors","Borås kommun","3683","397"
"Skärhamn","Tjörns kommun","3678","513"
"Aneby","Aneby kommun","3668","406"
"Stenhamra","Ekerö kommun","3636","344"
"Svärtinge","Norrköpings kommun","3622","484"
"Häljarp","Landskrona kommun","3604","221"
"Tygelsjö","Malmö kommun","3582","183"
"Hammar","Kristianstads kommun","3556","246"
"Rödeby","Karlskrona kommun","3516","375"
"Broby","Östra Göinge kommun","3513","390"
"Höviksnäs","Tjörns kommun","3469","674"
"Kungshamn","Sotenäs kommun","3456","363"
"Tollarp","Kristianstads kommun","3449","436"
"Sävast","Bodens kommun","3447","422"
"Iggesund","Hudiksvalls kommun","3437","436"
"Åre","Åre kommun","3430","649"
"Munka-Ljungby","Ängelholms kommun","3427","302"
"Årjäng","Årjängs kommun","3417","460"
"Matfors","Sundsvalls kommun","3405","471"
"Björklinge","Uppsala kommun","3400","305"
"Hällbybrunn","Eskilstuna kommun","3400","309"
"Sandared","Borås kommun","3394","285"
"Skultuna","Västerås kommun","3391","196"
"Skänninge","Mjölby kommun","3386","306"
"Knislinge","Östra Göinge kommun","3379","294"
"Vilhelmina","Vilhelmina kommun","3356","327"
"Tallboda","Linköpings kommun","3334","349"
"Tranemo","Tranemo kommun","3323","342"
"Ekeby","Bjuvs kommun","3319","385"
"Boxholm","Boxholms kommun","3318","441"
"Nättraby","Karlskrona kommun","3298","343"
"Frillesås","Kungsbacka kommun","3285","481"
"Älvåker och Råtorp","Karlstads kommun","3267","126"
"Bengtsfors","Bengtsfors kommun","3224","390"
"Skelleftehamn","Skellefteå kommun","3213","298"
"Resarö","Vaxholms kommun","3212","349"
"Laxå","Laxå kommun","3200","424"
"Hovmantorp","Lessebo kommun","3199","281"
"Tingsryd","Tingsryds kommun","3197","418"
"Linghem","Linköpings kommun","3186","192"
"Tenhult","Jönköpings kommun","3150","252"
"Hindås","Härryda kommun","3098","489"
"Borensberg","Motala kommun","3093","296"
"Södra Sunderbyn","Luleå kommun","3085","231"
"Grästorp","Grästorps kommun","3084","262"
"Sturefors","Linköpings kommun","3081","170"
"Sticklinge udde","Lidingö kommun","3064","130"
"Lessebo","Lessebo kommun","3051","340"
"Sävar","Umeå kommun","3050","328"
"Ed","Dals-Eds kommun","3007","354"
"Genarp","Lunds kommun","3000","196"
"Åkers styckebruk","Strängnäs kommun","2993","281"
"Ockelbo","Ockelbo kommun","2984","461"
"Stora Höga","Stenungsunds kommun","2963","284"
"Abborrberget","Strängnäs kommun","2953","165"
"Tvååker","Varbergs kommun","2930","286"
"Barnarp och Odensjö","Jönköpings kommun","2924","202"
"Vintrosa","Lekebergs kommun","2918","459"
"Kopparberg","Ljusnarsbergs kommun","2900","512"
"Munkfors","Munkfors kommun","2900","609"
"Norra Riksten","Botkyrka kommun","2870","60"
"Irsta","Västerås kommun","2835","160"
"Gamleby","Västerviks kommun","2826","361"
"Heby","Heby kommun","2823","386"
"Svinninge","Österåkers kommun","2816","571"
"Bjärnum","Hässleholms kommun","2815","434"
"Vålberg","Karlstads kommun","2812","295"
"Gimo","Östhammars kommun","2796","329"
"Njurundabommen","Sundsvalls kommun","2793","335"
"Hovsta","Örebro kommun","2782","157"
"Ånge","Ånge kommun","2769","380"
"Jokkmokk","Jokkmokks kommun","2754","275"
"Valdemarsvik","Valdemarsviks kommun","2747","264"
"Gränna","Jönköpings kommun","2713","177"
"Deje","Forshaga kommun","2705","318"
"Östra Balltorp","Mölndals kommun","2702","86"
"Frösakull","Halmstads kommun","2699","402"
"Ekängen","Linköpings kommun","2698","177"
"Åseda","Uppvidinge kommun","2698","302"
"Ödeshög","Ödeshögs kommun","2693","264"
"Jämjö","Karlskrona kommun","2675","317"
"Nordmaling","Nordmalings kommun","2656","298"
"Alunda","Östhammars kommun","2642","298"
"Strömma","Värmdö kommun","2622","707"
"Vårsta","Botkyrka kommun","2601","150"
"Bälinge","Uppsala kommun","2590","189"
"Frövi","Lindesbergs kommun","2559","252"
"Bureå","Skellefteå kommun","2546","382"
"Röbäck","Umeå kommun","2545","200"
"Charlottenberg","Eda kommun","2523","285"
"Hörnefors","Umeå kommun","2517","237"
"Gånghester","Borås kommun","2511","284"
"Fjärås kyrkby","Kungsbacka kommun","2509","206"
"Sveg","Härjedalens kommun","2509","326"
"Vindeln","Vindelns kommun","2502","272"
"Stockvik","Sundsvalls kommun","2493","141"
"Alfta","Ovanåkers kommun","2466","382"
"Fritsla","Marks kommun","2434","319"
"Rottne","Växjö kommun","2434","198"
"Vikingstad","Linköpings kommun","2423","174"
"Hyllinge","Åstorps kommun","2421","169"
"Söråker","Timrå kommun","2414","532"
"Fjugesta","Lekebergs kommun","2404","229"
"Förslöv","Båstads kommun","2390","283"
"Ingared","Alingsås kommun","2380","330"
"Kolsva","Köpings kommun","2378","223"
"Henån","Orusts kommun","2375","490"
"Österbybruk","Östhammars kommun","2360","272"
"Strömsnäsbruk","Markaryds kommun","2354","332"
"Veddige","Varbergs kommun","2346","200"
"Blomstermåla","Mönsterås kommun","2322","378"
"Rimforsa","Kinda kommun","2314","278"
"Bergsviken","Piteå kommun","2312","214"
"Kopparmora","Värmdö kommun","2302","737"
"Fågelvikshöjden","Värmdö kommun","2287","579"
"Klågerup","Svedala kommun","2277","117"
"Kåge","Skellefteå kommun","2275","272"
"Skinnskatteberg","Skinnskattebergs kommun","2258","270"
"Storvik","Sandvikens kommun","2255","267"
"Glumslöv","Landskrona kommun","2253","131"
"Örbyhus","Tierps kommun","2247","202"
"Delsbo","Hudiksvalls kommun","2236","317"
"Kvicksund","Västerås kommun","2209","462"
"Ljungbyhed","Klippans kommun","2192","357"
"Pershagen","Södertälje kommun","2190","106"
"Grängesberg","Ludvika kommun","2188","249"
"Obbola","Umeå kommun","2186","230"
"Malmköping","Flens kommun","2180","142"
"Djurås","Gagnefs kommun","2177","390"
"Sjuntorp","Trollhättans kommun","2158","280"
"Ekeby-Almby","Örebro kommun","2148","202"
"Storuman","Storumans kommun","2135","259"
"Jonstorp","Höganäs kommun","2130","194"
"Bua","Varbergs kommun","2124","239"
"Insjön","Leksands kommun","2120","369"
"Jälla","Uppsala kommun","2114","122"
"Bjursås","Falu kommun","2106","560"
"Arbrå","Bollnäs kommun","2100","295"
"Forserum","Nässjö kommun","2097","194"
"Tillberga","Västerås kommun","2081","157"
"Storfors","Storfors kommun","2066","291"
"Kolbäck","Hallstahammars kommun","2055","209"
"Bodafors","Nässjö kommun","2045","242"
"Getinge","Halmstads kommun","2045","239"
"Torsås","Torsås kommun","2042","313"
"Tanumshede","Tanums kommun","2040","210"
"Råneå","Luleå kommun","2034","242"
"Mockfjärd","Gagnefs kommun","2031","388"
"Fränsta","Ånge kommun","2028","609"
"Svanesund","Orusts kommun","2027","364"
"Norsjö","Norsjö kommun","2024","252"
"Svängsta","Karlshamns kommun","2022","244"
"Stångby","Lunds kommun","2016","105"
"Pajala","Pajala kommun","2013","309"
"Robertsfors","Robertsfors kommun","2010","214"
"Hunnebostrand","Sotenäs kommun","2006","352"
"Malå","Malå kommun","1998","251"
"Ljusne","Söderhamns kommun","1991","326"
"Kvidinge","Åstorps kommun","1972","184"
"Högsby","Högsby kommun","1971","262"
"Brastad","Lysekils kommun","1964","347"
"Skattkärr","Karlstads kommun","1961","169"
"Anderslöv","Trelleborgs kommun","1960","138"
"Mörarp","Helsingborgs kommun","1946","127"
"Lönsboda","Osby kommun","1943","267"
"Nossebro","Essunga kommun","1941","187"
"Grebbestad","Tanums kommun","1923","502"
"Färgelanda","Färgelanda kommun","1922","249"
"Storå","Lindesbergs kommun","1915","462"
"Stigtomta","Nyköpings kommun","1914","176"
"Dalarö","Haninge kommun","1912","604"
"Älvdalen","Älvdalens kommun","1912","335"
"Sösdala","Hässleholms kommun","1911","220"
"Grycksbo","Falu kommun","1886","327"
"Molkom","Karlstads kommun","1884","252"
"Ingelstad","Växjö kommun","1881","207"
"Ultuna","Uppsala kommun","1879","124"
"Östra Ljungby","Klippans kommun","1876","225"
"Skepplanda","Ale kommun","1875","153"
"Lödöse","Lilla Edets kommun","1871","189"
"Stavsnäs","Värmdö kommun","1871","970"
"Krokom","Krokoms kommun","1870","161"
"Rosvik","Piteå kommun","1868","307"
"Teckomatorp","Svalövs kommun","1866","129"
"Fjälkinge","Kristianstads kommun","1860","187"
"Moheda","Alvesta kommun","1854","255"
"Stallarholmen","Strängnäs kommun","1845","208"
"Virserum","Hultsfreds kommun","1844","297"
"Trångfors","Bodens kommun","1839","272"
"Vislanda","Alvesta kommun","1831","249"
"Rosersberg","Sigtuna kommun","1829","312"
"Ljungbyholm","Kalmar kommun","1827","210"
"Haverdal","Halmstads kommun","1821","359"
"Bollstabruk","Kramfors kommun","1812","523"
"Östervåla","Heby kommun","1810","217"
"Bjästa","Örnsköldsviks kommun","1806","244"
"Mörbylånga","Mörbylånga kommun","1802","232"
"Vibble","Region Gotland","1802","360"
"Vittsjö","Hässleholms kommun","1796","326"
"Arninge","Täby kommun","1795","155"
"Stenstorp","Falköpings kommun","1794","172"
"Kaxholmen","Jönköpings kommun","1793","163"
"Åled","Halmstads kommun","1786","202"
"Braås","Växjö kommun","1779","153"
"Gullbrandstorp","Halmstads kommun","1776","144"
"Källby","Götene kommun","1771","223"
"Järbo","Sandvikens kommun","1770","244"
"Lenhovda","Uppvidinge kommun","1769","238"
"Hemse","Region Gotland","1766","229"
"Forsbacka","Gävle kommun","1759","186"
"Hillerstorp","Gnosjö kommun","1753","244"
"Lammhult","Växjö kommun","1751","190"
"Söderfors","Tierps kommun","1750","224"
"Hästveda","Hässleholms kommun","1747","292"
"Vännäsby","Vännäs kommun","1747","206"
"Bergeforsen","Timrå kommun","1741","282"
"Byske","Skellefteå kommun","1741","328"
"Marieholm","Eslövs kommun","1741","142"
"Halla Heberg","Kungsbacka kommun","1740","398"
"Övertorneå","Övertorneå kommun","1737","259"
"Antnäs","Luleå kommun","1732","295"
"Romme","Borlänge kommun","1725","446"
"Vansbro","Vansbro kommun","1724","273"
"Bräkne-Hoby","Ronneby kommun","1710","241"
"Arjeplog","Arjeplogs kommun","1701","223"
"Hasslö","Karlskrona kommun","1678","363"
"Åsele","Åsele kommun","1678","227"
"Kode","Kungälvs kommun","1665","164"
"Rinkabyholm","Kalmar kommun","1663","132"
"Bredsand","Enköpings kommun","1653","229"
"Asmundtorp","Landskrona kommun","1646","118"
"Trönninge","Halmstads kommun","1645","144"
"Pålsboda","Hallsbergs kommun","1643","157"
"Lagan","Ljungby kommun","1642","242"
"Barkarö","Västerås kommun","1641","157"
"Sandarne","Söderhamns kommun","1641","301"
"Burträsk","Skellefteå kommun","1636","192"
"Rydaholm","Värnamo kommun","1629","168"
"Rönnäng","Tjörns kommun","1628","252"
"Kimstad","Norrköpings kommun","1627","176"
"Järna","Vansbro kommun","1624","588"
"Slottsskogen","Håbo kommun","1624","166"
"Hälleforsnäs","Flens kommun","1615","216"
"Lilla Edet västra","Lilla Edets kommun","1615","140"
"Ersmark","Umeå kommun","1605","147"
"Boliden","Skellefteå kommun","1602","146"
"Harplinge","Halmstads kommun","1602","147"
"Hölö","Södertälje kommun","1602","168"
"Öregrund","Östhammars kommun","1597","419"
"Floby","Falköpings kommun","1593","223"
"Mariannelund","Eksjö kommun","1591","225"
"Norrfjärden","Piteå kommun","1591","250"
"Järpen","Åre kommun","1589","234"
"Jämshög","Olofströms kommun","1584","255"
"Trekanten","Kalmar kommun","1579","271"
"Rävlanda","Härryda kommun","1568","164"
"Gullspång","Gullspångs kommun","1567","300"
"Enbacka","Säters kommun","1566","207"
"Donsö","Göteborgs kommun","1551","105"
"Färlöv","Kristianstads kommun","1550","199"
"Glimåkra","Östra Göinge kommun","1550","208"
"Långsele","Sollefteå kommun","1550","244"
"Jörlanda","Stenungsunds kommun","1547","343"
"Kågeröd","Svalövs kommun","1544","180"
"Garphyttan","Örebro kommun","1543","150"
"Klintehamn","Region Gotland","1541","291"
"Bredaryd","Värnamo kommun","1537","223"
"Ekenässjön","Vetlanda kommun","1537","199"
"Brålanda","Vänersborgs kommun","1532","183"
"Älmsta","Norrtälje kommun","1532","246"
"Bergby","Gävle kommun","1525","467"
"Blentarp","Sjöbo kommun","1523","254"
"Hällevik","Sölvesborgs kommun","1523","343"
"Sollebrunn","Alingsås kommun","1523","192"
"Husum","Örnsköldsviks kommun","1522","396"
"Sörforsa","Hudiksvalls kommun","1522","223"
"Djurö","Värmdö kommun","1521","643"
"Beddingestrand","Trelleborgs kommun","1520","386"
"Veinge","Laholms kommun","1519","205"
"Järvsö","Ljusdals kommun","1513","345"
"Landsbro","Vetlanda kommun","1510","211"
"Vrigstad","Sävsjö kommun","1509","215"
"Gantofta","Helsingborgs kommun","1506","105"
"Angered","Göteborgs kommun","1491","237"
"Kallfors","Södertälje kommun","1491","142"
"Älvkarleby","Älvkarleby kommun","1490","255"
"Nolvik","Göteborgs kommun","1489","187"
"Limmared","Tranemo kommun","1484","146"
"Hanaskog","Östra Göinge kommun","1483","144"
"Valla","Katrineholms kommun","1475","131"
"Bohus-Björkö","Öckerö kommun","1473","103"
"Bräcke","Bräcke kommun","1467","203"
"Morgongåva","Heby kommun","1464","149"
"Ås","Krokoms kommun","1462","279"
"Forsheda","Värnamo kommun","1460","171"
"Åsbro","Askersunds kommun","1453","348"
"Stöpen","Skövde kommun","1452","114"
"Ryd","Tingsryds kommun","1450","227"
"Sjörröd","Hässleholms kommun","1450","183"
"Ödsmål","Stenungsunds kommun","1447","347"
"Lövstalöt","Uppsala kommun","1445","94"
"Långshyttan","Hedemora kommun","1438","278"
"Önnestad","Kristianstads kommun","1438","218"
"Fellingsbro","Lindesbergs kommun","1432","214"
"Målilla","Hultsfreds kommun","1429","323"
"Örsundsbro","Enköpings kommun","1422","138"
"Sibbhult","Östra Göinge kommun","1408","158"
"Kurveröd","Uddevalla kommun","1405","67"
"Rydsgård","Skurups kommun","1400","155"
"Oskar-Fredriksborg","Vaxholms kommun","1390","182"
"Timmernabben","Mönsterås kommun","1383","195"
"Diseröd","Kungälvs kommun","1381","122"
"Strövelstorp","Ängelholms kommun","1380","190"
"Täfteå","Umeå kommun","1379","157"
"Vattholma","Uppsala kommun","1376","113"
"Västra Hagen","Kungsbacka kommun","1376","286"
"Hököpinge","Vellinge kommun","1370","87"
"Sturkö","Karlskrona kommun","1366","678"
"Åmotfors","Eda kommun","1366","210"
"Mjällby","Sölvesborgs kommun","1365","227"
"Hestra","Gislaveds kommun","1362","210"
"Skivarp","Skurups kommun","1357","153"
"Västra Bodarna","Alingsås kommun","1356","297"
"Dals Långed","Bengtsfors kommun","1349","211"
"Sorunda","Nynäshamns kommun","1349","139"
"Ängsmon","Östersunds kommun","1345","55"
"Styrsö","Göteborgs kommun","1340","179"
"Näsum","Bromölla kommun","1339","266"
"Svärdsjö","Falu kommun","1333","227"
"Bergsjö","Nordanstigs kommun","1332","186"
"Steningehöjden","Sigtuna kommun","1332","35"
"Färila","Ljusdals kommun","1326","291"
"Degeberga","Kristianstads kommun","1325","215"
"Skegrie","Trelleborgs kommun","1325","101"
"Brunn","Värmdö kommun","1323","215"
"Odensbacken","Örebro kommun","1323","158"
"Dorotea","Dorotea kommun","1320","204"
"Kvänum","Vara kommun","1320","176"
"Virsbo","Surahammars kommun","1319","122"
"Stöde","Sundsvalls kommun","1313","398"
"Nybrostrand","Ystads kommun","1311","141"
"Reftele","Gislaveds kommun","1311","186"
"Ärla","Eskilstuna kommun","1302","146"
"Bor","Värnamo kommun","1293","165"
"Siljansnäs","Leksands kommun","1291","467"
"Löberöd","Eslövs kommun","1287","140"
"Smygehamn","Trelleborgs kommun","1287","131"
"Berg","Linköpings kommun","1285","116"
"Smögen","Sotenäs kommun","1282","115"
"Stehag","Eslövs kommun","1280","102"
"Ankarsrum","Västerviks kommun","1278","168"
"Frufällan","Borås kommun","1276","191"
"Roknäs","Piteå kommun","1276","320"
"Vänge","Uppsala kommun","1276","90"
"Torup","Hylte kommun","1274","154"
"Hova","Gullspångs kommun","1272","183"
"Köpingebro","Ystads kommun","1265","115"
"Töcksfors","Årjängs kommun","1265","219"
"Karlholmsbruk","Tierps kommun","1263","284"
"Horred","Marks kommun","1261","165"
"Gagnef","Gagnefs kommun","1252","365"
"Långvik","Värmdö kommun","1246","301"
"Saxtorpsskogen","Landskrona kommun","1245","202"
"Tomtebo","Umeå kommun","1228","51"
"Bergkvara","Torsås kommun","1221","258"
"Knäred","Laholms kommun","1219","292"
"Lindholmen","Vallentuna kommun","1219","128"
"Ramnäs","Surahammars kommun","1216","117"
"Norrhult-Klavreström","Uppvidinge kommun","1215","279"
"Marmaskogen","Söderhamns kommun","1214","192"
"Ljung och Annelund","Herrljunga kommun","1212","180"
"Björboholm","Lerums kommun","1204","255"
"Viby","Kristianstads kommun","1204","177"
"Hjärnarp","Ängelholms kommun","1202","213"
"Tjuvkil","Kungälvs kommun","1199","331"
"Roma","Region Gotland","1198","231"
"Koskullskulle","Gällivare kommun","1193","134"
"Steninge","Halmstads kommun","1186","339"
"Lit","Östersunds kommun","1182","130"
"Vikarbyn","Rättviks kommun","1182","341"
"Härryda","Härryda kommun","1179","356"
"Köpmanholmen","Örnsköldsviks kommun","1179","250"
"Gnarp","Nordanstigs kommun","1178","289"
"Kilafors","Bollnäs kommun","1168","153"
"Tärnsjö","Heby kommun","1168","174"
"Bredbyn","Örnsköldsviks kommun","1164","194"
"Sätila","Marks kommun","1162","141"
"Södra Vi","Vimmerby kommun","1162","156"
"Kärna","Kungälvs kommun","1157","118"
"Överum","Västerviks kommun","1155","166"
"Björlanda","Göteborgs kommun","1150","158"
"Billingsfors","Bengtsfors kommun","1141","160"
"Gemla","Växjö kommun","1141","190"
"Sundbyholm","Eskilstuna kommun","1137","336"
"Mölnbo","Södertälje kommun","1131","150"
"Axvall","Skara kommun","1130","116"
"Sorsele","Sorsele kommun","1113","191"
"Malmbäck","Nässjö kommun","1112","188"
"Länghem","Tranemo kommun","1111","143"
"Gusum","Valdemarsviks kommun","1110","127"
"Gärsnäs","Simrishamns kommun","1110","110"
"Svalsta","Nyköpings kommun","1110","81"
"Grillby","Enköpings kommun","1109","118"
"Sköllersta","Hallsbergs kommun","1105","171"
"Hammarstrand","Ragunda kommun","1103","280"
"Björneborg","Kristinehamns kommun","1101","144"
"Tureholm","Ekerö kommun","1097","329"
"Slöinge","Falkenbergs kommun","1095","131"
"Enhagen-Ekbacken","Västerås kommun","1089","75"
"Torekov","Båstads kommun","1089","438"
"Glommen","Falkenbergs kommun","1085","180"
"Göta","Lilla Edets kommun","1085","143"
"Hortlax","Piteå kommun","1085","114"
"Mölltorp","Karlsborgs kommun","1084","148"
"Hammerdal","Strömsunds kommun","1083","406"
"Ornäs","Borlänge kommun","1082","123"
"Ellös","Orusts kommun","1078","229"
"Tångaberg","Varbergs kommun","1078","217"
"Horndal","Avesta kommun","1074","273"
"Slottsbron","Grums kommun","1074","142"
"Grebo","Åtvidabergs kommun","1071","115"
"Påskallavik","Oskarshamns kommun","1069","117"
"Valje","Bromölla kommun","1069","166"
"Sjövik","Lerums kommun","1065","97"
"Billeberga","Svalövs kommun","1064","141"
"Vinninga","Lidköpings kommun","1055","110"
"Funäsdalen","Härjedalens kommun","1054","263"
"Årsunda","Sandvikens kommun","1054","159"
"Älgö","Nacka kommun","1053","201"
"Bläshammar och Trönningenäs","Varbergs kommun","1052","187"
"Tormestorp","Hässleholms kommun","1051","125"
"Stockaryd","Sävsjö kommun","1047","159"
"Malmen","Västerås kommun","1035","82"
"Näs","Hallstahammars kommun","1035","127"
"Överkalix","Överkalix kommun","1035","124"
"Västra Ingelstad","Vellinge kommun","1034","98"
"Bönan","Gävle kommun","1030","302"
"Hedesunda","Gävle kommun","1029","143"
"Storebro","Vimmerby kommun","1025","146"
"Dingtuna","Västerås kommun","1024","105"
"Listerby","Ronneby kommun","1023","213"
"Våxtorp","Laholms kommun","1019","159"
"Svenstavik","Bergs kommun","1018","161"
"Kil","Nacka kommun","1017","91"
"Kullö","Vaxholms kommun","1016","46"
"Hällbäcken och Sinksundet","Luleå kommun","1014","105"
"Bjurholm","Bjurholms kommun","1013","166"
"Gunnebo","Västerviks kommun","1013","144"
"Flyinge","Eslövs kommun","1012","94"
"Åbyggeby","Gävle kommun","1011","235"
"Ankarsvik","Sundsvalls kommun","1009","208"
"Norrsundet","Gävle kommun","1003","256"
"Grängesberg västra","Ludvika kommun","1001","154"
"Arvidsvik","Kungälvs kommun","1000","116"
"Ekeby","Södertälje kommun","1000","64"
"Söderbärke","Smedjebackens kommun","1000","307"
"Töre","Kalix kommun","1000","218"
"Nälden","Krokoms kommun","995","130"
"Nyhammar","Ludvika kommun","987","245"
"Vedum","Vara kommun","986","138"
"Rydboholm","Borås kommun","985","116"
"Slite","Region Gotland","983","149"
"Tidan","Skövde kommun","982","144"
"Rockneby","Kalmar kommun","980","176"
"Skogsby","Mörbylånga kommun","979","264"
"Väckelsång","Tingsryds kommun","979","143"
"Barsebäck","Kävlinge kommun","977","63"
"Tuolluvaara","Kiruna kommun","975","68"
"Kristdala","Oskarshamns kommun","974","180"
"Kvibille","Halmstads kommun","974","100"
"Svartvik","Sundsvalls kommun","972","112"
"Lilla Tjärby","Laholms kommun","971","95"
"Råby","Håbo kommun","971","136"
"Grevie","Båstads kommun","970","192"
"Näsviken","Hudiksvalls kommun","967","183"
"Urshult","Tingsryds kommun","967","220"
"Indal","Sundsvalls kommun","964","251"
"Kinnarp","Falköpings kommun","963","148"
"Skånes-Fagerhult","Örkelljunga kommun","963","226"
"Parksidan","Ekerö kommun","961","57"
"Burseryd","Gislaveds kommun","957","194"
"Läckeby","Kalmar kommun","955","124"
"Kyrkhult","Olofströms kommun","953","166"
"Borrby","Simrishamns kommun","949","103"
"Ekshärad","Hagfors kommun","949","157"
"Hummelsta","Enköpings kommun","945","76"
"Timmersdala","Skövde kommun","943","118"
"Dingle","Munkedals kommun","941","117"
"Norra Bro","Örebro kommun","941","148"
"Sundborn","Falu kommun","941","196"
"Varekil","Orusts kommun","941","157"
"Kjulaås","Eskilstuna kommun","937","102"
"Dösjebro","Kävlinge kommun","936","70"
"Viksäter","Södertälje kommun","936","155"
"Söderåkra","Torsås kommun","934","160"
"Fjärdhundra","Enköpings kommun","932","112"
"Brännö","Göteborgs kommun","929","193"
"Svarte","Ystads kommun","929","88"
"Malmberget","Gällivare kommun","927","164"
"Röstånga","Svalövs kommun","927","137"
"Aröd och Timmervik","Kungälvs kommun","926","265"
"Hammenhög","Simrishamns kommun","926","133"
"Korsgården","Falu kommun","924","176"
"Skillinge","Simrishamns kommun","923","231"
"Gärds Köpinge","Kristianstads kommun","919","114"
"Älandsbro","Härnösands kommun","919","199"
"Kungsberga","Ekerö kommun","917","253"
"Everöd","Kristianstads kommun","916","153"
"Kosta","Lessebo kommun","915","174"
"Marielund","Strängnäs kommun","914","41"
"Lundsbrunn","Götene kommun","901","129"
"Österbymo","Ydre kommun","900","140"
"Vretstorp","Hallsbergs kommun","898","164"
"Enviken","Falu kommun","897","329"
"Kåhög","Partille kommun","896","54"
"Tjörnarp","Höörs kommun","896","277"
"Tystberga","Nyköpings kommun","895","107"
"Sollerön","Mora kommun","894","272"
"Diö","Älmhults kommun","892","140"
"Torsåker","Hofors kommun","890","133"
"Vikmanshyttan","Hedemora kommun","890","145"
"Almunge","Uppsala kommun","888","149"
"Hållsta","Eskilstuna kommun","888","102"
"Rejmyre","Finspångs kommun","884","126"
"Kivik","Simrishamns kommun","883","192"
"Vidja","Huddinge kommun","882","191"
"Östra Husby","Norrköpings kommun","882","126"
"Skavkulla och Skillingenäs","Karlskrona kommun","881","176"
"Norra Ingaröstrand","Värmdö kommun","877","456"
"Ullervad","Mariestads kommun","877","124"
"Alstermo","Uppvidinge kommun","875","175"
"Jonsered","Partille kommun","872","110"
"Rutvik","Luleå kommun","871","96"
"Tollered","Lerums kommun","871","75"
"Kortebo","Jönköpings kommun","867","112"
"Tällberg","Leksands kommun","867","550"
"Algutsrum","Mörbylånga kommun","866","175"
"Väröbacka","Varbergs kommun","863","150"
"Ransta","Sala kommun","862","110"
"Anneberg","Nässjö kommun","859","117"
"Östra Grevie","Vellinge kommun","855","101"
"Tumlehed","Göteborgs kommun","854","141"
"Mörsil","Åre kommun","851","133"
"Abbekås","Skurups kommun","847","158"
"Holsbybrunn","Vetlanda kommun","846","120"
"Sälen","Malung-Sälens kommun","843","241"
"Vollsjö","Sjöbo kommun","843","148"
"Östra Karup","Båstads kommun","841","168"
"Harlösa","Eslövs kommun","840","95"
"Karby","Vallentuna kommun","838","55"
"Vessigebro","Falkenbergs kommun","836","128"
"Hagby","Kalmar kommun","834","269"
"Östansjö","Hallsbergs kommun","834","150"
"Torsång","Borlänge kommun","833","127"
"Åbytorp","Kumla kommun","833","143"
"Tofta","Region Gotland","832","554"
"Björnlunda","Gnesta kommun","830","116"
"Holm","Halmstads kommun","828","116"
"Mörlunda","Hultsfreds kommun","828","233"
"Njutånger","Hudiksvalls kommun","828","167"
"Norje","Sölvesborgs kommun","827","291"
"Bergshammar","Nyköpings kommun","826","66"
"Nyland","Kramfors kommun","826","183"
"Figeholm","Oskarshamns kommun","824","107"
"Ersmark","Skellefteå kommun","822","123"
"Fjällbacka","Tanums kommun","819","168"
"Stenbron","Uppsala kommun","819","22"
"Harbo","Heby kommun","816","125"
"Hörvik","Sölvesborgs kommun","816","124"
"Fårösund","Region Gotland","815","246"
"Våmhus","Mora kommun","815","229"
"Sexdrega","Svenljunga kommun","813","123"
"Bottnaryd","Jönköpings kommun","810","87"
"Ramsele","Sollefteå kommun","808","216"
"Grythyttan","Hällefors kommun","805","138"
"Vallåkra","Helsingborgs kommun","805","135"
"Lövånger","Skellefteå kommun","804","139"
"Älvnäs","Ekerö kommun","802","58"
"Rundvik","Nordmalings kommun","800","171"
"Åsljunga","Örkelljunga kommun","798","177"
"Nyborg","Kalix kommun","795","189"
"Dals Rostock","Melleruds kommun","794","143"
"Glanshammar","Örebro kommun","793","120"
"Ytternäs och Vreta","Uppsala kommun","792","152"
"Alster","Karlstads kommun","791","146"
"Arkelstorp","Kristianstads kommun","791","158"
"Järpås","Lidköpings kommun","790","106"
"Stora Levene","Vara kommun","790","140"
"Vintrie","Malmö kommun","790","46"
"Stora Mellösa","Örebro kommun","789","103"
"Velanda","Trollhättans kommun","783","102"
"Skee","Strömstads kommun","782","88"
"Unnaryd","Hylte kommun","781","153"
"Dvärsätt","Krokoms kommun","779","131"
"Junsele","Sollefteå kommun","779","226"
"Nävekvarn","Nyköpings kommun","779","114"
"Latorpsbruk","Örebro kommun","778","125"
"Nusnäs","Mora kommun","778","305"
"Lekeryd","Jönköpings kommun","777","78"
"Hällevadsholm","Munkedals kommun","776","101"
"Kungsgården","Sandvikens kommun","776","168"
"Ryssby","Ljungby kommun","776","158"
"Gladö kvarn","Huddinge kommun","772","141"
"Timmele","Ulricehamns kommun","772","119"
"Eldsberga","Halmstads kommun","771","105"
"Buerås","Kungsbacka kommun","768","91"
"Kattarp","Helsingborgs kommun","768","73"
"Björnänge","Åre kommun","767","401"
"Burlövs egnahem","Burlövs kommun","767","29"
"Sommen","Tranås kommun","766","112"
"Segersäng","Nynäshamns kommun","765","83"
"Hede","Härjedalens kommun","762","268"
"Ullånger","Kramfors kommun","761","194"
"Vittangi","Kiruna kommun","760","180"
"Orrefors","Nybro kommun","758","129"
"Fors","Avesta kommun","754","142"
"Högsäter","Färgelanda kommun","754","112"
"Traryd","Markaryds kommun","751","164"
"Korsberga","Vetlanda kommun","750","115"
"Mellansel","Örnsköldsviks kommun","749","191"
"Rinkaby","Kristianstads kommun","749","126"
"Stora Vika","Nynäshamns kommun","748","51"
"Ullared","Falkenbergs kommun","748","115"
"Stoby","Hässleholms kommun","747","88"
"Torna Hällestad","Lunds kommun","747","80"
"Hästängen","Norrtälje kommun","743","243"
"Johannishus","Ronneby kommun","743","100"
"Villshärad","Halmstads kommun","743","129"
"Allerum","Helsingborgs kommun","742","94"
"Arild","Höganäs kommun","742","333"
"Brösarp","Tomelilla kommun","742","97"
"Lesjöfors","Filipstads kommun","736","176"
"Sparreholm","Flens kommun","736","114"
"Vallberga","Laholms kommun","736","82"
"Kläppa","Kungsbacka kommun","735","147"
"Hyssna","Marks kommun","734","167"
"Berga","Högsby kommun","732","145"
"Ronnebyhamn","Ronneby kommun","732","195"
"Skärplinge","Tierps kommun","732","110"
"Sandskogen","Kävlinge kommun","730","73"
"Årnäs","Varbergs kommun","730","354"
"Ölsta","Ekerö kommun","730","245"
"Ljunga","Norrköpings kommun","729","95"
"Dalstorp","Tranemo kommun","728","144"
"Hällesåker","Mölndals kommun","727","232"
"Tidö-Lindö","Västerås kommun","726","106"
"Myresjö","Vetlanda kommun","724","115"
"Grimsås","Tranemo kommun","723","112"
"Rot","Älvdalens kommun","723","270"
"Nykroppa","Filipstads kommun","721","188"
"Yngsjö","Kristianstads kommun","717","327"
"Fliseryd","Mönsterås kommun","716","138"
"Jössefors","Arvika kommun","715","127"
"Säve","Göteborgs kommun","715","69"
"Edsgatan och Långenäs","Karlstads kommun","712","130"
"Edsvalla","Karlstads kommun","707","81"
"Gyttorp","Nora kommun","704","134"
"Hamburgsund","Tanums kommun","704","139"
"Kållekärr","Tjörns kommun","704","77"
"Lugnet och Skälsmara","Värmdö kommun","701","292"
"Strömsholm","Hallstahammars kommun","701","126"
"Sandhem","Mullsjö kommun","700","109"
"Stennäset","Falu kommun","699","73"
"Åsensbruk","Melleruds kommun","699","167"
"Valskog","Kungsörs kommun","695","78"
"Häradsbygden","Leksands kommun","694","200"
"Dalum","Ulricehamns kommun","692","78"
"Gällö","Bräcke kommun","692","120"
"Knutby","Uppsala kommun","692","132"
"Sankt Olof","Simrishamns kommun","692","115"
"Ardala","Skara kommun","689","65"
"Gunsta","Uppsala kommun","689","93"
"Jukkasjärvi","Kiruna kommun","687","137"
"Sörvik","Ludvika kommun","687","132"
"Genevad","Laholms kommun","686","83"
"Fridlevstad","Karlskrona kommun","685","110"
"Särna","Älvdalens kommun","684","303"
"Fagersanna","Tibro kommun","683","200"
"Björbo","Gagnefs kommun","676","193"
"Lidhult","Ljungby kommun","676","132"
"Åryd","Växjö kommun","676","81"
"Bäckefors","Bengtsfors kommun","675","140"
"Vedevåg","Lindesbergs kommun","674","142"
"Åshammar","Sandvikens kommun","674","161"
"Röda holme","Kungsbacka kommun","673","201"
"Simlångsdalen","Halmstads kommun","673","108"
"Tobo","Tierps kommun","673","103"
"Bammarboda","Österåkers kommun","671","309"
"Edane","Arvika kommun","671","176"
"Lövestad","Sjöbo kommun","671","107"
"Nyhagen och Översättra","Österåkers kommun","671","76"
"Hok","Vaggeryds kommun","670","90"
"Länna","Uppsala kommun","670","104"
"Norra Visby","Region Gotland","670","151"
"Bäsna","Gagnefs kommun","668","150"
"Filsbäck","Lidköpings kommun","667","107"
"Gullbranna","Halmstads kommun","667","61"
"Varnhem","Skara kommun","667","70"
"Påryd","Kalmar kommun","666","125"
"Silverdalen","Hultsfreds kommun","666","125"
"Håbo-Tibble kyrkby","Upplands-Bro kommun","664","158"
"Idre","Älvdalens kommun","661","140"
"Igelstorp","Skövde kommun","660","73"
"Lotorp","Finspångs kommun","660","98"
"Bergshamra","Norrtälje kommun","658","262"
"Björke","Gävle kommun","657","140"
"Dala-Floda","Gagnefs kommun","657","228"
"Havsbaden","Ängelholms kommun","657","95"
"Vinberg","Falkenbergs kommun","654","59"
"Öbonäs","Norrköpings kommun","654","193"
"Skällinge","Varbergs kommun","653","75"
"Högsjö","Vingåkers kommun","651","98"
"Väring","Skövde kommun","651","126"
"Hökerum","Ulricehamns kommun","650","86"
"Undersåker","Åre kommun","650","152"
"Bergvik","Söderhamns kommun","648","165"
"Backa","Rättviks kommun","646","355"
"Månkarbo","Tierps kommun","645","102"
"Piperskärr","Västerviks kommun","645","102"
"Vissefjärda","Emmaboda kommun","643","104"
"Vrena","Nyköpings kommun","643","112"
"Måttsund","Luleå kommun","642","155"
"Hällekis","Götene kommun","641","127"
"Skyttorp","Uppsala kommun","641","88"
"Ucklum","Stenungsunds kommun","640","122"
"Saxdalen","Ludvika kommun","638","217"
"Grundsund","Lysekils kommun","637","142"
"Jörn","Skellefteå kommun","636","177"
"Öxeryd","Lerums kommun","636","111"
"Hillared","Svenljunga kommun","633","109"
"Hoting","Strömsunds kommun","631","115"
"Hällaryd","Karlshamns kommun","631","116"
"Sågmyra","Falu kommun","631","158"
"Ammenäs","Uddevalla kommun","630","149"
"Frändefors","Vänersborgs kommun","628","100"
"Graversfors","Norrköpings kommun","628","148"
"Jönåker","Nyköpings kommun","628","85"
"Krägga","Håbo kommun","628","126"
"Kurland","Trelleborgs kommun","626","40"
"Löderup","Ystads kommun","626","86"
"Koppom","Eda kommun","625","228"
"Killeberg","Osby kommun","624","117"
"Lerbäckshult","Ängelholms kommun","623","154"
"Vuollerim","Jokkmokks kommun","623","144"
"Fotö","Öckerö kommun","621","43"
"Otterbäcken","Gullspångs kommun","614","118"
"Olsfors","Bollebygds kommun","612","71"
"Ruda","Högsby kommun","612","128"
"Vemdalen","Härjedalens kommun","612","380"
"Domsten","Helsingborgs kommun","611","50"
"Hällberga","Eskilstuna kommun","610","65"
"Risögrund","Kalix kommun","609","85"
"Lugnås","Mariestads kommun","608","110"
"Enånger","Hudiksvalls kommun","607","160"
"Åsarp","Falköpings kommun","607","105"
"Ringarum","Valdemarsviks kommun","606","122"
"Bensbyn","Luleå kommun","605","129"
"Vittinge","Heby kommun","603","126"
"Sunnansjö","Ludvika kommun","602","174"
"Grimslöv","Alvesta kommun","601","85"
"Klagstorp","Trelleborgs kommun","599","106"
"Forssjö","Katrineholms kommun","598","53"
"Gällstad","Ulricehamns kommun","597","96"
"Vegby","Ulricehamns kommun","597","97"
"Klövedal","Tjörns kommun","596","272"
"Lucksta","Sundsvalls kommun","596","156"
"Ekeby","Kumla kommun","594","138"
"Ekerö sommarstad","Ekerö kommun","594","94"
"Uddeholm","Hagfors kommun","592","145"
"Västra Karup","Båstads kommun","592","146"
"Edsbro","Norrtälje kommun","591","152"
"Vallargärdet","Karlstads kommun","591","126"
"Hälsö","Öckerö kommun","590","62"
"Rörvik","Sävsjö kommun","590","119"
"Ånäset","Robertsfors kommun","590","138"
"Harmånger","Nordanstigs kommun","589","108"
"Rolfstorp","Varbergs kommun","588","86"
"Innertavle","Umeå kommun","587","72"
"Hasslarp","Helsingborgs kommun","585","60"
"Stugun","Ragunda kommun","585","107"
"Långås","Falkenbergs kommun","584","75"
"Sköldinge","Katrineholms kommun","584","93"
"Älvsala","Värmdö kommun","584","456"
"Jävre","Piteå kommun","583","167"
"Tallåsen","Ljusdals kommun","583","160"
"Löwenströmska lasarettet","Upplands Väsby kommun","581","68"
"Rydbo","Österåkers kommun","580","42"
"Grödby","Nynäshamns kommun","579","106"
"Ödeborg","Färgelanda kommun","579","88"
"Järlåsa","Uppsala kommun","577","76"
"Löttorp","Borgholms kommun","576","433"
"Moholm","Töreboda kommun","576","102"
"Gängletorp","Karlskrona kommun","575","107"
"Mölle","Höganäs kommun","575","86"
"Gräddö","Norrtälje kommun","574","588"
"Linghed","Falu kommun","574","189"
"Lögdeå","Nordmalings kommun","571","180"
"Sandhult","Borås kommun","571","63"
"Stjärnhov","Gnesta kommun","569","111"
"Väderstad","Mjölby kommun","569","119"
"Baggetorp","Vingåkers kommun","568","121"
"Skottorp","Laholms kommun","568","90"
"Klingsta och Allsta","Sundsvalls kommun","567","167"
"Värsås","Skövde kommun","567","74"
"Lanesund och Överby","Uddevalla kommun","566","95"
"Finja","Hässleholms kommun","565","129"
"Vika","Falu kommun","565","106"
"Svanberga","Norrtälje kommun","563","93"
"Blidsberg","Ulricehamns kommun","561","113"
"Drag","Kalmar kommun","561","154"
"Örsundsbro norra","Enköpings kommun","561","36"
"Nolsjö","Österåkers kommun","560","279"
"Malungsfors","Malung-Sälens kommun","557","276"
"Medle","Skellefteå kommun","557","157"
"Slaka","Linköpings kommun","557","114"
"Väländan","Haninge kommun","557","163"
"Björketorp","Marks kommun","556","91"
"Härad","Strängnäs kommun","556","83"
"Norsholm","Norrköpings kommun","556","56"
"Torhamn","Karlskrona kommun","553","238"
"Upphärad","Trollhättans kommun","552","77"
"Överhärde","Gävle kommun","552","131"
"Selja","Mora kommun","551","144"
"Gessie villastad","Vellinge kommun","550","54"
"Skölsta","Uppsala kommun","550","55"
"Gåvsta","Uppsala kommun","544","55"
"Mellösa","Flens kommun","544","100"
"Ostvik","Skellefteå kommun","543","140"
"Mullhyttan","Lekebergs kommun","542","141"
"Lerdala","Skövde kommun","540","141"
"Liatorp","Älmhults kommun","540","88"
"Väse","Karlstads kommun","539","71"
"Hammarby","Sandvikens kommun","535","103"
"Vattjom","Sundsvalls kommun","535","134"
"Tving","Karlskrona kommun","533","169"
"Revingeby","Lunds kommun","532","66"
"Vartofta","Falköpings kommun","532","74"
"Hackås","Bergs kommun","531","142"
"Friggesund","Hudiksvalls kommun","530","76"
"Vittjärv","Bodens kommun","530","130"
"Solberga","Österåkers kommun","528","143"
"Vassmolösa","Kalmar kommun","528","124"
"Kyrkesund","Tjörns kommun","527","556"
"Kårsta","Vallentuna kommun","526","80"
"Bengtsheden","Falu kommun","524","182"
"Skruv","Lessebo kommun","524","120"
"Finnerödja","Laxå kommun","523","112"
"Boda","Rättviks kommun","521","282"
"Ölmbrotorp","Örebro kommun","521","63"
"Slite norra","Region Gotland","519","72"
"Bie","Katrineholms kommun","518","63"
"Kovikshamn","Kungälvs kommun","518","210"
"Yttersjö","Umeå kommun","518","108"
"Stöcke","Umeå kommun","516","71"
"Brokind","Linköpings kommun","515","77"
"Balsby","Kristianstads kommun","514","69"
"Skärstad","Jönköpings kommun","514","48"
"Bestorp","Linköpings kommun","513","95"
"Västanvik","Leksands kommun","513","237"
"Årsta havsbad","Haninge kommun","513","151"
"Arentorp","Vara kommun","510","82"
"Marbäck","Ulricehamns kommun","510","70"
"Drottningskär","Karlskrona kommun","509","237"
"Gullringen","Vimmerby kommun","509","124"
"Mohed","Söderhamns kommun","509","185"
"Näsåker","Sollefteå kommun","509","138"
"Onslunda","Tomelilla kommun","509","58"
"Fårbo","Oskarshamns kommun","508","87"
"Saxnäs","Mörbylånga kommun","508","133"
"Stöcksjö","Umeå kommun","508","115"
"Västra Husby","Söderköpings kommun","508","54"
"Hartungviken och Spikarna","Sundsvalls kommun","507","250"
"Korpilombolo","Pajala kommun","507","111"
"Åsby","Varbergs kommun","507","103"
"Källhagen","Gävle kommun","504","179"
"Sangis","Kalix kommun","504","185"
"Tjällmo","Motala kommun","503","77"
"Västerhejde","Region Gotland","502","89"
"Askeby","Linköpings kommun","499","58"
"Eksund","Norrköpings kommun","499","72"
"Hästhagen","Nacka kommun","499","37"
"Backe","Strömsunds kommun","498","150"
"Barsebäckshamn","Kävlinge kommun","498","54"
"Överlida","Svenljunga kommun","498","85"
"Tofta","Varbergs kommun","497","153"
"Bankekind","Linköpings kommun","495","48"
"Rud","Hammarö kommun","495","158"
"Sörfors","Umeå kommun","495","114"
"Hällingsjö","Härryda kommun","494","96"
"Kallax","Luleå kommun","493","170"
"Kvillsfors","Vetlanda kommun","493","95"
"Lustigkulla och Gröndal","Hallstahammars kommun","493","63"
"Spillersboda","Norrtälje kommun","493","407"
"Ersnäs","Luleå kommun","492","152"
"Ås","Nora kommun","492","72"
"Linderöd","Kristianstads kommun","490","107"
"Lyrestad","Mariestads kommun","489","70"
"Bygdeå","Robertsfors kommun","487","79"
"Äppelbo","Vansbro kommun","487","282"
"Prästängen","Arvika kommun","485","28"
"Stigen","Färgelanda kommun","485","78"
"Tallvik","Överkalix kommun","485","103"
"Vibyäng","Håbo kommun","484","20"
"Ekedalen","Tidaholms kommun","483","73"
"Garpenberg","Hedemora kommun","483","120"
"Laxvik","Halmstads kommun","483","65"
"Gualöv","Bromölla kommun","482","86"
"Föllinge","Krokoms kommun","481","174"
"Aspås","Krokoms kommun","479","148"
"Sjösa","Nyköpings kommun","478","63"
"Snöveltorp","Söderköpings kommun","478","80"
"Tråvad","Vara kommun","477","91"
"Bleket","Tjörns kommun","476","117"
"Täljö","Österåkers kommun","476","109"
"Österslöv","Kristianstads kommun","475","68"
"Björktorp och Sanda","Strängnäs kommun","474","170"
"Hissjö","Umeå kommun","474","109"
"Örtagården","Västerås kommun","474","42"
"Hestra","Ydre kommun","473","79"
"Spånlöt","Österåkers kommun","473","23"
"Harads","Bodens kommun","472","83"
"Horn","Kinda kommun","472","93"
"Nygård","Lilla Edets kommun","472","100"
"Svaneholm","Säffle kommun","472","137"
"Tavelsjö","Umeå kommun","472","76"
"Utby","Uddevalla kommun","472","94"
"Lund","Gävle kommun","471","120"
"Spjälkö och Saxemara","Ronneby kommun","471","210"
"Vidsel","Älvsbyns kommun","471","100"
"Östra Stenåsen","Kils kommun","471","27"
"Kusmark","Skellefteå kommun","470","128"
"Marieby","Östersunds kommun","470","203"
"Bosnäs","Borås kommun","468","100"
"Svartudden","Piteå kommun","468","31"
"Svartå","Degerfors kommun","468","89"
"Tärnaby","Storumans kommun","468","159"
"Ingatorp","Eksjö kommun","467","110"
"Bökenäs"," Korsanäs och Kuggeboda"","Ronneby kommun","466","249"
"Kullersta","Eskilstuna kommun","466","258"
"Sundby","Ekerö kommun","466","75"
"Östra Ryd","Söderköpings kommun","465","97"
"Kovland","Sundsvalls kommun","464","58"
"Strandskogen"," Restenäs och Ulvesund"","Uddevalla kommun","464","226"
"Heberg","Falkenbergs kommun","463","72"
"Ilsbo","Nordanstigs kommun","463","68"
"Stensele","Storumans kommun","462","103"
"Österfärnebo","Sandvikens kommun","462","132"
"Danholn","Falu kommun","461","80"
"Harkskär och Utvalnäs","Gävle kommun","461","150"
"Västra Bispgården","Ragunda kommun","461","113"
"Ytterhogdal","Härjedalens kommun","461","229"
"Sjöskogen och Strand","Uddevalla kommun","460","164"
"Ställdalen","Ljusnarsbergs kommun","460","179"
"Tågarp","Svalövs kommun","460","54"
"Billinge","Eslövs kommun","459","81"
"Sonstorp","Finspångs kommun","459","74"
"Åmmeberg","Askersunds kommun","459","204"
"Konga","Tingsryds kommun","458","100"
"Torbjörntorp","Falköpings kommun","457","89"
"Älghult","Uppvidinge kommun","457","98"
"Fagerhult","Uddevalla kommun","456","108"
"Vickleby","Mörbylånga kommun","456","148"
"Bovallstrand","Sotenäs kommun","455","136"
"Fagerås","Kils kommun","455","72"
"Nordanö","Avesta kommun","454","47"
"Ränneslöv","Laholms kommun","453","87"
"Nordkroken","Vänersborgs kommun","450","72"
"Annelöv","Landskrona kommun","449","68"
"Linneryd","Tingsryds kommun","449","127"
"Lärbro","Region Gotland","449","76"
"Unbyn","Bodens kommun","448","94"
"Falla","Finspångs kommun","447","65"
"Stenared","Göteborgs kommun","447","99"
"Furudal","Rättviks kommun","446","131"
"Rörtången och Ödsmåls mosse","Kungälvs kommun","446","129"
"Dannike","Borås kommun","444","77"
"Tandsbyn","Östersunds kommun","443","137"
"Torpshammar","Ånge kommun","443","216"
"Danmark","Uppsala kommun","441","55"
"Enstaberga","Nyköpings kommun","441","59"
"Älvsered","Falkenbergs kommun","441","110"
"Ängsvik","Värmdö kommun","441","78"
"Råda","Hagfors kommun","438","105"
"Södersvik","Norrtälje kommun","438","299"
"Björkvik","Katrineholms kommun","436","119"
"Myckle","Skellefteå kommun","436","109"
"Dunö","Kalmar kommun","435","60"
"Eket","Örkelljunga kommun","434","101"
"Gudhem","Falköpings kommun","434","41"
"Munktorp","Köpings kommun","434","52"
"Rydal","Marks kommun","434","69"
"Ölmstad","Jönköpings kommun","434","79"
"Sandviken","Södertälje kommun","433","151"
"Aplared","Borås kommun","432","65"
"Segmon","Grums kommun","432","87"
"Fornåsa","Motala kommun","431","59"
"Stora Bugärde","Härryda kommun","431","117"
"Hult","Eksjö kommun","430","60"
"Sysslebäck","Torsby kommun","429","181"
"Söderby","Haninge kommun","429","190"
"Tranholmen","Danderyds kommun","427","38"
"Håksberg","Ludvika kommun","426","67"
"Järnforsen","Hultsfreds kommun","426","140"
"Glemmingebro","Ystads kommun","424","55"
"Borgstena","Borås kommun","423","107"
"Rånäs","Norrtälje kommun","423","48"
"Loftahammar","Västerviks kommun","422","134"
"Asperö","Göteborgs kommun","421","38"
"Rångedala","Borås kommun","421","111"
"Västerfärnebo","Sala kommun","421","68"
"Örviken","Skellefteå kommun","419","116"
"Västra Tommarp","Trelleborgs kommun","418","34"
"Åby","Växjö kommun","418","60"
"Alberga","Eskilstuna kommun","417","60"
"Alsterbro","Nybro kommun","417","105"
"Långasand och Ugglarp","Falkenbergs kommun","417","267"
"Själsö","Region Gotland","416","222"
"Stensättra tomtområde","Nykvarns kommun","416","116"
"Ramvik","Härnösands kommun","415","71"
"Tortuna","Västerås kommun","415","58"
"Töllsjö","Bollebygds kommun","415","71"
"Vallkärra","Lunds kommun","415","43"
"Venngarn","Sigtuna kommun","415","29"
"Sifferbo","Gagnefs kommun","414","79"
"Johansfors","Emmaboda kommun","412","139"
"Sjunnen","Vetlanda kommun","412","52"
"Sjötorp","Mariestads kommun","411","92"
"Tuna","Södertälje kommun","411","89"
"Grisslehamn","Norrtälje kommun","410","454"
"Härslöv","Landskrona kommun","410","39"
"Rälla","Borgholms kommun","409","101"
"Svappavaara","Kiruna kommun","409","101"
"Östadkulle","Vårgårda kommun","409","65"
"Kungsäter","Varbergs kommun","408","98"
"Lingbo","Ockelbo kommun","408","268"
"Rydöbruk","Hylte kommun","408","83"
"Mehedeby","Tierps kommun","407","64"
"Strålsnäs","Boxholms kommun","407","73"
"Hedekas","Munkedals kommun","406","95"
"Kristevik och Sundsandvik","Uddevalla kommun","406","145"
"Torestorp","Marks kommun","406","75"
"Katrinedal","Vänersborgs kommun","405","44"
"Ätran","Falkenbergs kommun","405","65"
"Bergströmshusen","Staffanstorps kommun","403","31"
"Nikkala","Haparanda kommun","403","116"
"Svenshögen","Stenungsunds kommun","403","56"
"Trummenäs","Karlskrona kommun","403","74"
"Rottneros","Sunne kommun","402","120"
"Bärby","Uppsala kommun","401","56"
"Skeda udde","Linköpings kommun","401","37"
"Lidatorp och Klövsta","Nynäshamns kommun","400","41"
"Skedvi kyrkby","Säters kommun","400","79"
"Bjärsjölagård","Sjöbo kommun","399","75"
"Gräfsnäs","Alingsås kommun","399","93"
"Nykyrka","Motala kommun","398","56"
"Karups sommarby","Sjöbo kommun","397","90"
"Madängsholm","Tidaholms kommun","397","65"
"Malmberget östra","Gällivare kommun","397","91"
"Öja","Växjö kommun","397","58"
"Hogstorp","Uddevalla kommun","396","62"
"Jung","Vara kommun","396","96"
"Nykil","Linköpings kommun","396","50"
"Vattubrinken","Södertälje kommun","396","94"
"Hasselfors","Laxå kommun","395","95"
"Kungshult","Eslövs kommun","394","47"
"Landeryd","Hylte kommun","393","85"
"Merlänna","Strängnäs kommun","393","52"
"Björsäter","Åtvidabergs kommun","391","73"
"Hemmestorp","Sjöbo kommun","391","114"
"Hurva","Eslövs kommun","391","64"
"Tvärskog","Kalmar kommun","391","79"
"Västerby","Hedemora kommun","391","71"
"Fågelfors","Högsby kommun","390","138"
"Spjutsbygd","Karlskrona kommun","390","63"
"Sund","Trosa kommun","390","140"
"Ulvkälla","Härjedalens kommun","390","75"
"Grönalid","Vansbro kommun","389","82"
"Robertsholm","Hofors kommun","389","51"
"Öbolandet","Trosa kommun","389","177"
"Marmorbyn","Vingåkers kommun","388","55"
"Roteberg","Ovanåkers kommun","388","86"
"Västerljung","Trosa kommun","388","43"
"Seskarö","Haparanda kommun","387","108"
"Vankiva","Hässleholms kommun","387","86"
"Gunnarstorp","Bjuvs kommun","386","42"
"Gårdstånga","Eslövs kommun","386","47"
"Lillpite","Piteå kommun","386","133"
"Vena","Hultsfreds kommun","386","88"
"Övermarken och Maran","Piteå kommun","386","90"
"Smedstorp","Tomelilla kommun","385","87"
"Djura","Leksands kommun","384","126"
"Västermyckeläng","Älvdalens kommun","384","172"
"Furuby","Växjö kommun","383","62"
"Hjältevad","Eksjö kommun","383","110"
"Lilla Harrie","Kävlinge kommun","383","48"
"Bonäs","Mora kommun","382","107"
"Berghem","Marks kommun","381","86"
"Hjärtum","Lilla Edets kommun","381","57"
"Kinnarumma","Borås kommun","381","73"
"Lillhaga","Ljusdals kommun","381","75"
"Söderskogen","Håbo kommun","381","54"
"Solberga","Nässjö kommun","380","76"
"Marstrand","Kungälvs kommun","379","33"
"Skeppshult","Gislaveds kommun","378","93"
"Fågelmara","Karlskrona kommun","377","85"
"Holmsjö","Karlskrona kommun","377","120"
"Kälarne","Bräcke kommun","377","137"
"Norra Lagnö","Värmdö kommun","377","94"
"Oknö","Mönsterås kommun","377","143"
"Sidensjö","Örnsköldsviks kommun","377","128"
"Stava","Österåkers kommun","377","112"
"Södra Bergsbyn och Stackgrönnan","Skellefteå kommun","377","77"
"Vrångö","Göteborgs kommun","377","48"
"Sulvik","Arvika kommun","376","126"
"Bettna","Flens kommun","375","70"
"Rya","Härryda kommun","375","93"
"Västra Ämtervik","Sunne kommun","375","117"
"Backaryd","Ronneby kommun","374","71"
"Älgarås","Töreboda kommun","374","90"
"Björna","Örnsköldsviks kommun","373","73"
"Bredviken","Kalix kommun","373","57"
"Docksta","Kramfors kommun","373","106"
"Kebal","Strömstads kommun","373","207"
"Pilgrimstad","Bräcke kommun","373","80"
"Väne-Åsaka","Trollhättans kommun","373","61"
"Nedre Gärdsjö","Rättviks kommun","372","192"
"Främmestad","Essunga kommun","371","70"
"Gulleråsen","Rättviks kommun","370","265"
"Limedsforsen","Malung-Sälens kommun","370","258"
"Sennan","Halmstads kommun","370","69"
"Kvista","Upplands-Bro kommun","369","8"
"Sövde","Sjöbo kommun","369","75"
"Transtrand","Malung-Sälens kommun","369","239"
"Örserum","Jönköpings kommun","369","72"
"Sövestad","Ystads kommun","366","52"
"Skedala","Halmstads kommun","365","50"
"Klippans bruk","Klippans kommun","364","60"
"Stora Mellby","Alingsås kommun","364","73"
"Farhult","Höganäs kommun","363","103"
"Getterön","Varbergs kommun","363","131"
"Hemmingsmark","Piteå kommun","363","85"
"Horda","Värnamo kommun","363","72"
"Örsjö","Nybro kommun","363","82"
"Billsta","Örnsköldsviks kommun","362","103"
"Strömsbruk","Nordanstigs kommun","362","91"
"Vannsätter","Söderhamns kommun","362","99"
"Alvhem","Ale kommun","361","86"
"Ballingslöv","Hässleholms kommun","361","66"
"Hakkas","Gällivare kommun","361","128"
"Kyrkeby och Nereby","Kungälvs kommun","361","128"
"Nitta","Ulricehamns kommun","361","51"
"Riala","Norrtälje kommun","361","130"
"Trödje","Gävle kommun","361","93"
"Udden","Eskilstuna kommun","361","129"
"Kulltorp","Gnosjö kommun","360","70"
"Brännland","Umeå kommun","358","63"
"Lottefors","Bollnäs kommun","358","98"
"Målsta","Östersunds kommun","358","122"
"Glömminge","Mörbylånga kommun","357","139"
"Bockara","Oskarshamns kommun","356","101"
"Naglarby","Säters kommun","355","81"
"Stenis","Mora kommun","355","141"
"Lanna","Värnamo kommun","354","101"
"Lillhärdal","Härjedalens kommun","354","228"
"Strångsjö","Katrineholms kommun","354","53"
"Sätinge","Kungsbacka kommun","354","119"
"Tävelsås","Växjö kommun","354","62"
"Valåsen och Labbsand","Karlskoga kommun","354","145"
"Åssjöns norra strand","Krokoms kommun","354","97"
"Brantevik","Simrishamns kommun","353","87"
"Ljungaviken","Sölvesborgs kommun","353","17"
"Oleby","Torsby kommun","353","125"
"Ramstalund","Uppsala kommun","353","31"
"Rättarboda","Upplands-Bro kommun","353","47"
"Tuna","Landskrona kommun","353","161"
"Tynningö","Vaxholms kommun","353","459"
"Zinkgruvan","Askersunds kommun","353","172"
"Åmunnen","Kalmar kommun","353","38"
"Gårdskär","Älvkarleby kommun","352","122"
"Hulukvarn"," Ulfstorp och Västersjön"","Jönköpings kommun","352","227"
"Stocka","Nordanstigs kommun","351","88"
"Änge","Krokoms kommun","351","62"
"Herräng","Norrtälje kommun","350","189"
"Skattungbyn","Orsa kommun","350","226"
"Ekskogen Älgeby och Långsjötorp","Vallentuna kommun","347","215"
"Heden och Skansbacken","Vansbro kommun","347","205"
"Häggenås","Östersunds kommun","347","107"
"Väskinde","Region Gotland","347","45"
"Alstad","Trelleborgs kommun","346","54"
"Böle","Piteå kommun","346","65"
"Furusjö","Habo kommun","346","63"
"Torpsbruk","Alvesta kommun","346","65"
"Pukavik","Sölvesborgs kommun","345","117"
"Burgsvik","Region Gotland","344","127"
"Marmaverken","Söderhamns kommun","344","75"
"Vitaby","Simrishamns kommun","344","122"
"Klövsjö","Bergs kommun","343","337"
"Sibble","Botkyrka kommun","343","95"
"Tumbo","Eskilstuna kommun","343","66"
"Långasjö","Emmaboda kommun","342","82"
"Nya Långenäs","Härryda kommun","342","33"
"Vik","Simrishamns kommun","342","87"
"Selånger","Sundsvalls kommun","339","114"
"Brändön","Luleå kommun","338","98"
"Hishult","Laholms kommun","338","96"
"Koviksudde och Skeviksstrand","Värmdö kommun","338","92"
"Hedared","Borås kommun","337","74"
"Marma","Älvkarleby kommun","337","51"
"Tvärålund","Vindelns kommun","337","109"
"Björnarås","Mölndals kommun","336","41"
"Grimstorp","Nässjö kommun","336","50"
"Oxnö och Svärdsö","Nynäshamns kommun","336","385"
"Rånnaväg","Ulricehamns kommun","336","51"
"Stilleryd","Karlshamns kommun","336","179"
"Aspeboda","Falu kommun","335","176"
"Drängsmark","Skellefteå kommun","335","63"
"Hjorted","Västerviks kommun","335","65"
"Lunde","Kramfors kommun","335","129"
"Sundsstrand","Uddevalla kommun","334","19"
"Kärda","Värnamo kommun","333","45"
"Sjulsmark","Piteå kommun","333","73"
"Sjunnerup","Höörs kommun","333","147"
"Gryt","Valdemarsviks kommun","332","286"
"Los","Ljusdals kommun","332","158"
"Sandslån","Kramfors kommun","332","150"
"Stånga","Region Gotland","332","113"
"Äsköping","Katrineholms kommun","332","51"
"Morup","Falkenbergs kommun","331","87"
"Bredared","Borås kommun","330","60"
"Eneryda","Älmhults kommun","330","67"
"Gonäs","Ludvika kommun","330","120"
"Hjälmared","Alingsås kommun","330","50"
"Korsträsk","Älvsbyns kommun","330","56"
"Lysvik","Sunne kommun","330","88"
"Hassela","Nordanstigs kommun","329","91"
"Svensbyn","Piteå kommun","329","61"
"Östra Frölunda","Svenljunga kommun","329","63"
"Laggarsvik och Linanäs","Österåkers kommun","327","388"
"Tösse","Åmåls kommun","327","60"
"Björköby","Vetlanda kommun","326","84"
"Lunnarp","Tomelilla kommun","326","57"
"Smedseröd","Uddevalla kommun","326","31"
"Vittaryd","Ljungby kommun","326","78"
"Öxabäck","Marks kommun","326","66"
"Hultafors","Bollebygds kommun","324","71"
"Rossön","Strömsunds kommun","324","186"
"Sätra brunn","Sala kommun","324","80"
"Forsvik","Karlsborgs kommun","323","83"
"Grytgöl","Finspångs kommun","323","86"
"Bastuträsk","Norsjö kommun","322","90"
"Drottningholm","Ekerö kommun","322","52"
"Fagerhult","Habo kommun","322","65"
"Hånger","Värnamo kommun","322","72"
"Hällestad","Finspångs kommun","322","93"
"Klädesholmen","Tjörns kommun","322","30"
"Vinäs","Mora kommun","322","103"
"Örslösa","Lidköpings kommun","321","60"
"Hästholmen","Ödeshögs kommun","320","48"
"Betsede","Värmdö kommun","319","56"
"Jäderfors","Sandvikens kommun","319","61"
"Kinnared","Hylte kommun","319","91"
"Ljusfallshammar","Finspångs kommun","318","72"
"Åryd","Karlshamns kommun","318","76"
"Bäckaskog","Kristianstads kommun","317","43"
"Emsfors","Oskarshamns kommun","317","70"
"Skåpafors","Bengtsfors kommun","317","101"
"Hampetorp","Örebro kommun","316","134"
"Åmynnet","Örnsköldsviks kommun","316","40"
"Solvarbo","Säters kommun","315","71"
"Stora Herrestad","Ystads kommun","315","56"
"Österstad","Motala kommun","315","43"
"Bullmark","Umeå kommun","314","44"
"Fredriksberg","Ludvika kommun","314","75"
"Kånna","Ljungby kommun","314","47"
"Äspered","Borås kommun","314","61"
"Degerhamn","Mörbylånga kommun","313","107"
"Emmaljunga","Hässleholms kommun","313","92"
"Munga","Västerås kommun","313","100"
"Bygdsiljum","Skellefteå kommun","312","93"
"Bäckhammar","Kristinehamns kommun","312","83"
"Högboda","Kils kommun","312","120"
"Sundhultsbrunn","Aneby kommun","312","46"
"Alvik","Leksands kommun","310","171"
"Funbo","Uppsala kommun","310","96"
"Harkie","Västerås kommun","310","114"
"Möklinta","Sala kommun","310","87"
"Nyehusen","Kristianstads kommun","310","265"
"Ambjörnarp","Tranemo kommun","309","103"
"Jonslund","Essunga kommun","309","75"
"Klässbol","Arvika kommun","309","97"
"Immeln","Östra Göinge kommun","308","116"
"Duvesjön","Kungälvs kommun","307","47"
"Källö-Knippla","Öckerö kommun","307","34"
"Orrviken","Östersunds kommun","307","66"
"Osbyholm","Hörby kommun","307","44"
"Tye","Hammarö kommun","307","84"
"Djurön","Norrköpings kommun","306","56"
"Fredriksdal","Nässjö kommun","306","62"
"Johannesudd","Vallentuna kommun","306","16"
"Marielund","Uppsala kommun","305","129"
"Mjöhult","Höganäs kommun","305","43"
"Turinge och Vidbynäs","Nykvarns kommun","305","61"
"Vilshult","Olofströms kommun","304","104"
"Baskemölla","Simrishamns kommun","303","70"
"Bälinge","Luleå kommun","303","62"
"Edsbruk","Västerviks kommun","303","72"
"Fengersfors","Åmåls kommun","303","78"
"Fågelsta","Motala kommun","303","56"
"Berg","Åtvidabergs kommun","302","54"
"Emtunga","Vara kommun","302","40"
"Frödinge","Vimmerby kommun","302","69"
"Färgens östra strand","Alingsås kommun","302","137"
"Rävemåla","Tingsryds kommun","302","80"
"Ödsmål och Åsebyberg","Kungälvs kommun","302","80"
"Berg","Gävle kommun","301","118"
"Gistad","Linköpings kommun","301","55"
"Nissafors","Gnosjö kommun","301","50"
"Sörmjöle","Umeå kommun","301","68"
"Eringsboda","Ronneby kommun","300","77"
"Stockamöllan","Eslövs kommun","300","47"
"Vad","Smedjebackens kommun","300","86"
"Granby","Sigtuna kommun","299","52"
"Halvarsgårdarna","Borlänge kommun","299","70"
"Jungfrusund","Ekerö kommun","299","14"
"Striberg","Nora kommun","299","66"
"Hissmofors","Krokoms kommun","298","110"
"Liden","Sundsvalls kommun","298","86"
"Lugnvik","Kramfors kommun","298","116"
"Mjöbäck","Svenljunga kommun","298","77"
"Vångelsta","Uppsala kommun","298","18"
"Skålö","Vansbro kommun","297","230"
"Håga","Uppsala kommun","296","32"
"Riddarhyttan","Skinnskattebergs kommun","296","75"
"Haga","Enköpings kommun","295","37"
"Rosenlund","Tranemo kommun","294","38"
"Sya","Mjölby kommun","294","36"
"Alby","Ånge kommun","292","149"
"Hargshamn","Östhammars kommun","292","106"
"Himle","Varbergs kommun","292","50"
"Klevshult","Vaggeryds kommun","292","65"
"Marbystrand","Norrköpings kommun","292","64"
"Brännäset och Boviken","Umeå kommun","291","270"
"Helgö","Ekerö kommun","291","99"
"Myrviken","Bergs kommun","291","92"
"Odensberg","Falköpings kommun","291","44"
"Tunnerstad","Jönköpings kommun","291","110"
"Vidöåsen","Hammarö kommun","290","26"
"Sunnemo","Hagfors kommun","289","107"
"Hagge","Smedjebackens kommun","288","46"
"Moliden","Örnsköldsviks kommun","288","66"
"Rosenfors","Hultsfreds kommun","288","72"
"Skede","Vetlanda kommun","288","87"
"Mogata","Söderköpings kommun","287","45"
"Örtofta","Eslövs kommun","287","73"
"Juoksengi","Övertorneå kommun","286","151"
"Kagghamra","Botkyrka kommun","286","86"
"Söderby-Karl","Norrtälje kommun","286","84"
"Uddheden","Sunne kommun","286","75"
"Broaryd","Gislaveds kommun","285","71"
"Brotorp","Säffle kommun","285","22"
"Kalkudden","Strängnäs kommun","285","181"
"Toftbyn","Falu kommun","285","153"
"Klockestrand","Kramfors kommun","284","85"
"Butbro","Finspångs kommun","283","40"
"Folkärna","Avesta kommun","283","138"
"Gideå","Örnsköldsviks kommun","283","67"
"Hillsta och Se","Sandvikens kommun","283","70"
"Junosuando","Pajala kommun","283","142"
"Hjortnäs","Leksands kommun","282","203"
"Nordanå","Staffanstorps kommun","282","40"
"Rydsnäs","Ydre kommun","282","86"
"Äng","Nässjö kommun","282","50"
"Gesunda","Mora kommun","281","195"
"Långared","Alingsås kommun","281","121"
"Östra Tommarp","Simrishamns kommun","281","71"
"Blidö","Norrtälje kommun","280","564"
"Blixbo","Falu kommun","280","105"
"Landfjärden","Nynäshamns kommun","280","129"
"Årstad","Falkenbergs kommun","280","35"
"Österå och Hökviken","Falu kommun","280","113"
"Gammelgården","Kalix kommun","279","66"
"Karesuando","Kiruna kommun","279","74"
"Lillkyrka","Enköpings kommun","279","43"
"Sjögestad","Linköpings kommun","279","32"
"Söderby","Ekerö kommun","279","73"
"Trädet","Ulricehamns kommun","279","67"
"Fredriksberg östra","Ludvika kommun","278","66"
"Hunnestad","Varbergs kommun","278","97"
"Sörstafors","Hallstahammars kommun","277","39"
"Rödån","Habo kommun","276","121"
"Gäddede","Strömsunds kommun","275","78"
"Blåsmark","Piteå kommun","274","57"
"Halltorp","Kalmar kommun","274","69"
"Rabbalshede","Tanums kommun","274","73"
"Ramdala","Karlskrona kommun","274","76"
"Törestorp","Gnosjö kommun","274","84"
"Grönskan"," Vedhamn och Baldersnäs"","Värmdö kommun","273","191"
"Hemavan","Storumans kommun","273","198"
"Nymölla","Bromölla kommun","273","137"
"Västra Karaby","Kävlinge kommun","273","62"
"Gusselby","Lindesbergs kommun","272","81"
"Götlunda","Arboga kommun","272","46"
"Hasslöv","Laholms kommun","272","53"
"Hjälm","Kungsbacka kommun","272","33"
"Gripenberg","Tranås kommun","271","56"
"Uddebo","Tranemo kommun","271","64"
"Lundby","Kungälvs kommun","270","63"
"Lycksta","Västerås kommun","270","35"
"Rockhammar","Lindesbergs kommun","270","74"
"Valinge","Varbergs kommun","270","108"
"Blackstalund","Uppsala kommun","268","78"
"Lunne","Östersunds kommun","268","128"
"Nysättra","Norrtälje kommun","268","139"
"Vallsta","Bollnäs kommun","268","65"
"Vinbergs kyrkby","Falkenbergs kommun","268","149"
"Hammar","Askersunds kommun","267","66"
"Malmön","Sotenäs kommun","267","105"
"Huaröd","Kristianstads kommun","266","83"
"Husby och Tuna","Strängnäs kommun","266","160"
"Nedansjö","Sundsvalls kommun","266","87"
"Trångsviken","Krokoms kommun","266","56"
"Nordvära och Källstorp","Varbergs kommun","265","120"
"Norrbo och Västansjö","Ludvika kommun","265","185"
"Porjus","Jokkmokks kommun","265","46"
"Östra Sönnarslöv","Kristianstads kommun","265","69"
"Gunnarskog","Arvika kommun","264","76"
"Stensjön","Nässjö kommun","264","69"
"Ekskogen","Vallentuna kommun","263","62"
"Kyrksten","Storfors kommun","263","32"
"Lörby","Sölvesborgs kommun","263","88"
"Norra Vindö","Värmdö kommun","263","496"
"Svartbyn","Överkalix kommun","263","130"
"Stråssa","Lindesbergs kommun","262","54"
"Ulvåker","Skövde kommun","262","43"
"Vaplan","Krokoms kommun","262","57"
"Ysby","Laholms kommun","262","48"
"Äsperöd","Sjöbo kommun","262","36"
"Gårdby","Mörbylånga kommun","261","75"
"Höggeröd","Orusts kommun","261","189"
"Simonstorp","Norrköpings kommun","261","45"
"Eskilsby och Snugga","Härryda kommun","260","87"
"Idkerberget","Borlänge kommun","260","77"
"Margretetorp","Ängelholms kommun","260","70"
"Torreby","Munkedals kommun","260","56"
"Vad"," Åsbacka och Långrör"","Söderhamns kommun","260","91"
"Bergagård","Falkenbergs kommun","259","86"
"Borggård","Finspångs kommun","259","47"
"Vikarbodarna och Skatan","Sundsvalls kommun","259","121"
"Vånga","Kristianstads kommun","259","112"
"Muskö","Haninge kommun","258","68"
"Örstig","Nyköpings kommun","258","34"
"Runemo","Ovanåkers kommun","257","79"
"Skarpö","Vaxholms kommun","257","104"
"Viksjöfors","Ovanåkers kommun","257","88"
"Kärsta","Västerås kommun","256","29"
"Edeby","Knivsta kommun","255","57"
"Havdhem","Region Gotland","255","95"
"Hätte"," Seglarvik och Sandvik"","Tranås kommun","255","74"
"Klockrike","Motala kommun","255","41"
"Signehög och Norrmannebo","Kungälvs kommun","255","96"
"Gränum","Olofströms kommun","254","59"
"Häggeby och Vreta","Håbo kommun","254","67"
"Ingelsträde","Höganäs kommun","254","44"
"Svenstorp","Ängelholms kommun","254","37"
"Åsarna","Bergs kommun","254","61"
"Hjortsberga","Alvesta kommun","253","63"
"Jättendal","Nordanstigs kommun","253","110"
"Kränge","Linköpings kommun","253","52"
"Kvärlöv","Landskrona kommun","253","46"
"Väggarp","Eslövs kommun","253","30"
"Överboda","Umeå kommun","253","66"
"Hedeskoga","Ystads kommun","252","20"
"Stenungsön","Stenungsunds kommun","252","69"
"Fjällastorp","Bollebygds kommun","251","77"
"Kättilsmåla","Karlskrona kommun","251","62"
"Askersby","Örebro kommun","250","59"
"Järavallen","Kävlinge kommun","250","30"
"Kyrkheddinge","Staffanstorps kommun","250","51"
"Lilla Stenby","Ekerö kommun","250","84"
"Nordingrå","Kramfors kommun","250","64"
"Rörö","Öckerö kommun","250","58"
"Älvkarleö","Älvkarleby kommun","250","70"
"Dyvelsten","Forshaga kommun","249","46"
"Hulu","Ulricehamns kommun","249","63"
"Läppe","Vingåkers kommun","249","139"
"Nibble","Södertälje kommun","249","48"
"Brottby","Vallentuna kommun","248","39"
"Finsta","Norrtälje kommun","248","44"
"Fiskebäckskil","Lysekils kommun","248","72"
"Orrhammar","Flens kommun","248","110"
"Segersta","Bollnäs kommun","248","98"
"Sibo","Bollnäs kommun","248","129"
"Östra Bispgården","Ragunda kommun","248","122"
"Mjönäs","Hagfors kommun","247","121"
"Rappestad","Linköpings kommun","247","42"
"Norraby","Tranås kommun","246","34"
"Östorp och Ådran","Huddinge kommun","246","112"
"Edsvalla Övre bruket","Karlstads kommun","245","33"
"Kalvsund","Öckerö kommun","245","25"
"Nöbbele","Växjö kommun","245","53"
"Skumparp","Malmö kommun","245","23"
"Öggestorp","Jönköpings kommun","245","39"
"Flädie","Lomma kommun","244","39"
"Hallabro","Ronneby kommun","244","61"
"Risby","Kungälvs kommun","244","78"
"Rengsjö","Bollnäs kommun","243","57"
"Ytterstad","Lerums kommun","243","66"
"Bjärlöv","Kristianstads kommun","242","69"
"Fegen","Falkenbergs kommun","242","70"
"Fåker","Östersunds kommun","242","59"
"Horla","Vårgårda kommun","242","67"
"Skällåkra och Lingome","Varbergs kommun","242","190"
"Tånga och Rögle","Helsingborgs kommun","242","69"
"Hilleshögby","Ekerö kommun","241","82"
"Blötberget","Ludvika kommun","240","58"
"Evertsberg","Älvdalens kommun","240","137"
"Klöverträsk","Luleå kommun","240","64"
"Slätthult","Lerums kommun","240","64"
"Svartehallen","Stenungsunds kommun","240","59"
"Tjautjas","Gällivare kommun","240","68"
"Tuna","Vimmerby kommun","240","41"
"Angelstad","Ljungby kommun","239","62"
"Hjortkvarn","Hallsbergs kommun","239","85"
"Stångenäs och Rixö","Lysekils kommun","239","117"
"Vittskövle","Kristianstads kommun","239","59"
"Bruzaholm","Eksjö kommun","238","75"
"Dannemora","Östhammars kommun","238","68"
"Kättilstorp","Falköpings kommun","238","53"
"Olshammar","Askersunds kommun","238","85"
"Skoby","Östhammars kommun","238","60"
"Herstadberg","Norrköpings kommun","237","28"
"Luddingsbo","Söderköpings kommun","237","59"
"Norr Amsberg","Borlänge kommun","237","69"
"Spångsholm","Mjölby kommun","237","23"
"Torskog och Svenseröd","Lilla Edets kommun","237","148"
"Övertänger","Falu kommun","237","118"
"Kareby och Ringby","Kungälvs kommun","236","56"
"Tingstäde","Region Gotland","236","76"
"Utvälinge","Helsingborgs kommun","236","33"
"Skåne-Tranås","Tomelilla kommun","235","67"
"Olofsbo","Falkenbergs kommun","234","144"
"Repbäcken","Borlänge kommun","234","87"
"Hallen","Åre kommun","233","90"
"Vallvik","Söderhamns kommun","233","96"
"Falerum","Åtvidabergs kommun","232","78"
"Karlsvik","Luleå kommun","232","33"
"Kartlandet och Hagsätter","Norrköpings kommun","232","72"
"Nygårds hagar","Nykvarns kommun","232","23"
"Västerlösa","Linköpings kommun","232","43"
"Hara","Östersunds kommun","231","103"
"Skebobruk","Norrtälje kommun","231","92"
"Slädaviken och Åssjön","Sundsvalls kommun","231","110"
"Stora Frö och Haga Park","Mörbylånga kommun","231","122"
"Storholmen","Lidingö kommun","231","36"
"Bondstorp","Vaggeryds kommun","230","56"
"Hogstad","Mjölby kommun","230","45"
"Kilsmo","Örebro kommun","230","32"
"Norra Rörum","Höörs kommun","230","47"
"Salbohed","Sala kommun","230","72"
"Hällnäs","Vindelns kommun","229","81"
"Lurudden","Ekerö kommun","229","57"
"Norra Muskö","Haninge kommun","229","466"
"Frinnaryd","Aneby kommun","228","56"
"Märsön","Enköpings kommun","228","180"
"Sjuhalla","Karlskrona kommun","228","66"
"Hedlunda","Lycksele kommun","227","55"
"Larv","Vara kommun","227","82"
"Lundby och Malm","Norrköpings kommun","227","40"
"Läby","Uppsala kommun","227","35"
"Eda glasbruk","Eda kommun","226","91"
"Gissebo","Jönköpings kommun","226","66"
"Kangos","Pajala kommun","226","145"
"Rynge och Vallösa","Ystads kommun","226","117"
"Snogeröd","Höörs kommun","226","35"
"Flygsfors","Nybro kommun","225","61"
"Hustahöjden","Västerås kommun","225","24"
"Norr-Hede","Härjedalens kommun","225","82"
"Toarp och Tåstarp","Ängelholms kommun","225","63"
"Östad","Tanums kommun","225","34"
"Flurkmark","Umeå kommun","224","45"
"Hedenäset","Övertorneå kommun","224","138"
"Kvegerö","Nyköpings kommun","224","210"
"Oxhalsö","Norrtälje kommun","224","350"
"Saleby","Lidköpings kommun","224","50"
"Mala","Hässleholms kommun","223","81"
"Persön","Luleå kommun","223","63"
"Påläng","Kalix kommun","223","74"
"Upplanda","Tierps kommun","223","77"
"Bäckebo","Nybro kommun","222","83"
"Eggby","Skara kommun","222","48"
"Nävragöl","Karlskrona kommun","222","43"
"Östra Vemmerlöv","Simrishamns kommun","222","75"
"Fleninge","Helsingborgs kommun","221","53"
"Gropen","Lekebergs kommun","221","80"
"Igelfors","Finspångs kommun","221","39"
"Inskogen","Oxelösunds kommun","221","21"
"Kristvallabrunn","Nybro kommun","221","62"
"Spekeröd","Stenungsunds kommun","221","96"
"Stöllet","Torsby kommun","221","76"
"Totebo","Västerviks kommun","221","48"
"Arrie","Vellinge kommun","220","38"
"Ekenhaga","Värnamo kommun","220","20"
"Sundom","Luleå kommun","220","95"
"Östanå","Sandvikens kommun","220","20"
"Frostkåge","Skellefteå kommun","219","74"
"Kastlösa","Mörbylånga kommun","219","103"
"Köinge","Falkenbergs kommun","219","49"
"Ljungsarp","Tranemo kommun","219","47"
"Norrmjöle","Umeå kommun","219","152"
"Ålberga","Nyköpings kommun","219","41"
"Åminne","Värnamo kommun","219","38"
"Holmeja","Svedala kommun","218","24"
"Hovid","Sundsvalls kommun","218","54"
"Näsviken","Strömsunds kommun","218","82"
"Pauliström","Vetlanda kommun","218","60"
"Ysane","Sölvesborgs kommun","218","56"
"Össjö","Ängelholms kommun","218","35"
"Båtbyggartorp","Upplands Väsby kommun","217","47"
"Bälgviken","Eskilstuna kommun","217","42"
"Fagerfjäll","Tjörns kommun","217","119"
"Venjan","Mora kommun","217","213"
"Glommersträsk","Arvidsjaurs kommun","216","87"
"Vånga","Norrköpings kommun","216","37"
"Agunnaryd","Ljungby kommun","215","48"
"Lima","Malung-Sälens kommun","215","72"
"Näsbyn","Hudiksvalls kommun","215","97"
"Stavsjö","Nyköpings kommun","215","30"
"Stångehamn","Oskarshamns kommun","215","85"
"Fjärås station","Kungsbacka kommun","214","70"
"Holsljunga","Svenljunga kommun","214","39"
"Hybo","Ljusdals kommun","214","50"
"Skeppsvik","Nyköpings kommun","214","143"
"Undenäs","Karlsborgs kommun","214","76"
"Hysingsvik","Norrtälje kommun","213","183"
"Malsta","Norrtälje kommun","213","56"
"Ormaryd","Nässjö kommun","213","63"
"Ryd","Jönköpings kommun","213","59"
"Västerberg","Sandvikens kommun","213","75"
"Delary","Älmhults kommun","212","46"
"Viforsen och Tunbyn","Sundsvalls kommun","212","78"
"Vindön","Orusts kommun","212","170"
"Hoverberg","Bergs kommun","211","141"
"Klapparvik och Källby","Söderhamns kommun","211","71"
"Kuttainen","Kiruna kommun","211","56"
"Vistträsk","Älvsbyns kommun","211","49"
"Västra Torup","Hässleholms kommun","211","63"
"Brunnsberg","Älvdalens kommun","210","121"
"Ekeby","Ekerö kommun","210","123"
"Flyksnäs","Marks kommun","210","57"
"Horsta och Laggarberg","Timrå kommun","210","54"
"Korsberga","Hjo kommun","210","54"
"Sälgsjön","Gävle kommun","210","33"
"Åmot","Ockelbo kommun","210","98"
"Bruksvallarna","Härjedalens kommun","209","161"
"Flisby","Nässjö kommun","209","65"
"Hjälteby","Tjörns kommun","209","58"
"Ubbhult norra","Marks kommun","209","61"
"Önneköp","Hörby kommun","209","56"
"Buskhyttan","Nyköpings kommun","208","58"
"Båtskärsnäs","Kalix kommun","208","66"
"Hjärsås","Östra Göinge kommun","208","28"
"Mollösund","Orusts kommun","208","122"
"Rusksele","Lycksele kommun","208","69"
"Finkarby","Nykvarns kommun","207","59"
"Kullaberg och Tvååker","Varbergs kommun","207","63"
"Jämtön","Luleå kommun","206","78"
"Medåker","Arboga kommun","205","51"
"Rossö","Strömstads kommun","205","153"
"Stavreviken","Timrå kommun","205","21"
"Ängesbyn","Luleå kommun","205","79"
"Ölme","Kristinehamns kommun","205","37"
"Magra","Alingsås kommun","204","62"
"Skebokvarn","Flens kommun","204","66"
"Geijersholm","Hagfors kommun","203","31"
"Botsmark","Umeå kommun","202","39"
"Kivinge","Håbo kommun","202","55"
"Mjällom","Kramfors kommun","202","109"
"Ramsberg","Lindesbergs kommun","202","112"
"Spjutstorp","Tomelilla kommun","202","40"
"Klutmark","Skellefteå kommun","201","72"
"Flerohopp","Nybro kommun","200","51"
"Freluga","Bollnäs kommun","200","62"
"Herrskog","Kramfors kommun","200","66"
"Långviksmon","Örnsköldsviks kommun","200","58"
"Persberg","Filipstads kommun","200","45"
"Sänna","Askersunds kommun","200","54"
"Hållsta","Gnesta kommun","199","63"
"Avan","Luleå kommun","198","61"
"Eriksmåla","Emmaboda kommun","198","93"
"Nittorp","Tranemo kommun","198","35"
"Åsen","Älvdalens kommun","198","73"
"Rönneshytta","Askersunds kommun","196","50"
"Björnö","Växjö kommun","195","15"
"Blombacka","Karlstads kommun","195","96"
"Fredriksfors","Hudiksvalls kommun","195","91"
"Runtuna","Nyköpings kommun","195","35"
"Grännäs","Valdemarsviks kommun","194","16"
"Djupekås","Sölvesborgs kommun","193","32"
"Nye","Vetlanda kommun","193","57"
"Rätan","Bergs kommun","193","85"
"Hedkärra","Fagersta kommun","190","55"
"Östraby","Hörby kommun","190","36"
"Stare","Strömstads kommun","186","40"
"Fagerhult","Högsby kommun","184","86"
"Röke","Hässleholms kommun","184","79"
"Solberga och Ålem","Mönsterås kommun","184","63"
"Målerås","Nybro kommun","180","78"
